Title;Author;Number of Authors;Time Delta (months);Volume;Issue;First page;Last page;Page length;Reference Diversity;Avg sentence length;Word count;Flesch Reading Ease;Subjectivity;Polarity;In-text Citations;Sentences;Hedges;Evidential;Absolutes;Achievement;Reward;Empathy;Endophoric;Negate;Negative emotions;First Person;Third Person;Sensory;P_distribution;Confidence Interval;Sample size;citationNumCrossRef;CitationNumGoogle;Year;Rank;Special
Beyond fit and attitude: The effect of emotional attachment on consumer responses to brand extensions;Alexander Fedorikhin, C. Whan Park, Matthew Thomson;3;141;18;4;281;291;10;0.31;37.4;8940;25.05;0.468;0.146;76;239;169;35;66;805;621;20;38;49;295;163;392;30;Very Significant;0;70;125;305;2008;1;0
Art and the brand: The role of visual art in enhancing brand extendibility;Henrik Hagtvedt, Vanessa M. Patrick;2;144;18;3;212;222;10;0.45;30.6;7348;31.96;0.408;0.129;65;240;105;125;77;684;445;43;95;60;128;29;396;44;Significant;0;33;48;101;2008;2;0
Consumer response to brand extensions: Construal level as a moderator of the importance of perceived fit;Hakkyun Kim, Deborah Roedder John;2;147;18;2;116;126;10;0.39;33.8;7944;20.25;0.452;0.213;55;235;103;65;38;851;574;29;55;34;182;94;492;21;Very Significant;0;158;86;221;2008;1;0
The publicly self‐consciousness consumer: Prepared to be embarrassed;Loraine Lau‐Gesk, Aimee Drolet;2;147;18;2;127;136;9;0.55;24.9;7584;29.28;0.413;0.082;53;305;163;46;72;424;259;39;36;94;618;58;314;26;Extremely Significant;0;23;29;52;2008;2;0
Hot vs. cold cognitions and consumers' reactions to sporting event outcomes;Robert Madrigal;1;141;18;4;304;319;15;0.44;32.1;12426;30.43;0.442;0.059;43;387;104;25;167;2598;1274;63;10;108;474;38;440;20;Significant;0;60;31;63;2008;2;0
When does negative brand publicity hurt? The moderating influence of analytic versus holistic thinking;Alokparna Basu Monga, Deborah Roedder John;2;141;18;4;320;332;12;0.34;32.9;9172;21.16;0.412;0.04;59;279;177;46;56;573;309;27;32;165;304;71;288;18;Nonsignificant;0;45;86;185;2008;3;0
What's in a frame anyway?: A meta‐cognitive analysis of the impact of one versus two sided message framing on attitude certainty;Derek D. Rucker, Richard E. Petty, Pablo Briñol;3;147;18;2;137;149;12;0.38;35.9;9308;18.12;0.451;0.082;39;259;269;72;284;636;635;52;49;194;208;111;366;12;Nonsignificant;1;33;65;164;2008;3;0
Gender‐related reactions to gratuitous sex appeals in advertising;Jaideep Sengupta, Darren W. Dahl;2;150;18;1;62;78;16;0.52;35.2;11826;18.83;0.537;0.15;68;336;145;60;189;1095;1347;52;60;110;210;132;524;19;Extremely Significant;0;15;68;160;2008;1;0
Memory markers: How consumers recall the duration of experiences;Hee‐Kyung Ahn, Maggie Wenjing Liu, Dilip Soman;3;132;19;3;508;516;8;0.73;31.9;6506;30.64;0.395;0.077;18;204;108;76;32;280;114;17;49;38;82;95;216;5;Very Significant;0;30;17;55;2009;17;0
Making judgments in a two‐sequence cue environment: The effects of differential cue strengths, order sequence, and distraction;Dipayan Biswas, Abhijit Biswas, Subimal Chatterjee;3;138;19;1;88;97;9;0.49;37.5;7726;24.95;0.347;0.127;48;206;156;54;20;1004;225;43;42;50;244;101;251;13;Very Significant;0;24;14;23;2009;4;0
Who I am and how I think: The impact of self‐construal on the roles of internal and external reference prices in price evaluations;Cathy Yi Chen;1;132;19;3;416;426;10;0.34;36.8;7108;8.74;0.399;0.102;58;193;86;23;33;432;129;19;0;30;52;46;246;18;Extremely Significant;0;90;18;31;2009;11;0
The role of exploratory buying behavior tendencies in choices made for others;Tilottama G. Chowdhury, S. Ratneshwar, Kalpesh Kaushik Desai;3;132;19;3;517;525;8;0.38;34.0;7011;28.51;0.456;0.113;50;206;141;34;54;923;696;22;25;27;200;72;319;12;Significant;0;71;4;12;2009;18;0
The effects of physical distance between regular and sale prices on numerical difference perceptions;Keith S. Coulter, Patricia A. Norberg;2;135;19;2;144;157;13;0.54;35.9;9859;18.12;0.355;0.052;43;275;181;80;94;501;99;58;49;55;44;174;298;4;Nonsignificant;0;34;33;45;2009;1;0
With suspicious (but happy) minds: Mood's ability to neutralize the effects of suspicion on persuasion;Thomas E. DeCarlo, Michael J. Barone;2;132;19;3;326;333;7;0.21;37.9;5226;16.09;0.489;0.107;42;138;74;7;87;565;637;8;0;51;330;40;192;12;Significant;0;94;10;19;2009;4;0
Scale‐dependent automatic shifts in brand evaluation standards;Claudiu V. Dimofte, Johny K. Johansson;2;135;19;2;158;170;12;0.46;37.1;10605;25.36;0.447;0.119;35;286;219;54;128;692;706;52;20;63;281;85;436;18;Significant;0;126;3;13;2009;2;0
Memory issues pertaining to social marketing messages about behavior enactment versus non‐enactment;Dan Freeman, Stewart Shapiro, Merrie Brucks;3;129;19;4;629;642;13;0.68;36.8;9851;17.2;0.463;0.097;49;268;187;29;138;1085;1074;16;14;220;136;47;405;11;Very Significant;0;15;5;9;2009;3;0
Dual effects of implicit bystanders: Inhibiting vs. facilitating helping behavior;Stephen M. Garcia, Kimberlee Weaver, John M. Darley, Bryan T. Spence;4;135;19;2;215;224;9;0.31;40.3;7620;13.65;0.34;0.088;51;189;168;7;138;532;435;35;0;41;247;90;543;31;Extremely Significant;0;49;17;41;2009;5;0
How successful would a phone‐pillow be: Using dual process theory to predict the success of hybrids involving dissimilar products;Michael Gibbert, David Mazursky;2;129;19;4;652;660;8;0.5;31.9;5996;22.18;0.427;0.063;40;188;129;13;47;1081;559;12;7;67;36;20;246;13;Significant;0;136;13;23;2009;5;0
The broad embrace of luxury: Hedonic potential as a driver of brand extendibility;Henrik Hagtvedt, Vanessa M. Patrick;2;129;19;4;608;618;10;0.43;29.5;7309;24.61;0.51;0.11;60;248;100;196;73;1021;601;40;82;47;171;51;418;17;Significant;0;89;109;224;2009;1;0
When demand accelerates demand: Trailing the bandwagon;Erica van Herpen, Rik Pieters, Marcel Zeelenberg;3;132;19;3;302;312;10;0.61;32.7;7203;29.82;0.438;0.098;47;220;121;18;66;410;192;28;8;80;106;45;429;5;Significant;0;68;63;155;2009;3;0
When thinking is beneficial and when it is not: The effects of thin and round advertising models;Michael Häfner, Debra Trampe;2;129;19;4;619;628;9;0.44;32.0;6822;22.08;0.517;0.04;35;213;162;92;198;608;533;15;62;42;86;130;349;98;Extremely Significant;0;72;18;35;2009;2;0
The unique consequences of feeling lucky: Implications for consumer behavior;Yuwei Jiang, Angela Cho, Rashmi Adaval;3;135;19;2;171;184;13;0.47;33.7;11001;28.81;0.504;0.166;75;326;361;145;119;1448;3341;64;30;69;306;80;534;118;Very Significant;0;15;41;78;2009;3;0
The interactive effects of duality expertise and coping frames on responses to ambivalent messages;Thomas Kramer, Loraine Lau‐Gesk, Chi‐yue Chiu;3;129;19;4;661;672;11;0.51;34.4;8423;11.18;0.383;0.103;83;245;193;101;76;809;586;47;74;78;364;120;286;61;Significant;0;180;7;11;2009;6;0
How does imagery in interactive consumption lead to false memory? A reconstructive memory perspective;Arun Lakshmanan, H. Shanker Krishnan;2;132;19;3;451;462;11;0.47;27.6;7464;18.08;0.503;0.04;55;270;157;46;77;557;201;42;40;87;90;79;266;6;Extremely Significant;0;35;9;28;2009;14;0
Proposing and testing the contextual gender influence theory: An examination of gender influence types on trust of computer agents;Eun‐Ju Lee, David W. Schumann;2;132;19;3;440;450;10;0.5;34.8;7336;10.77;0.375;0.072;67;211;96;89;52;651;231;24;43;41;77;54;268;6;Very Significant;0;50;8;12;2009;13;0
How much was your shopping basket? Working memory processes in total basket price estimation;David Luna, Hyeong‐Min (Christian) Kim;2;132;19;3;346;355;9;0.64;26.4;7646;36.22;0.392;0.063;62;290;120;107;171;901;150;28;92;55;54;114;297;3;Very Significant;0;120;12;15;2009;6;0
Consumer responses to brand elimination: An attributional perspective;Huifang Mao, Xueming Luo, Shailendra Pratap Jain;3;132;19;3;280;289;9;0.29;28.2;6973;25.93;0.513;0.111;43;247;124;44;62;887;590;17;39;28;174;81;261;9;Nonsignificant;0;85;17;37;2009;1;0
Regulatory fit from attribute‐based versus alternative‐based processing in decision making;Mehdi Mourali, Frank Pons;2;129;19;4;643;651;8;0.39;34.3;6645;19.74;0.487;0.24;53;194;119;48;37;2546;1045;50;39;37;72;38;341;28;Significant;0;215;15;46;2009;4;0
Indulgence as self‐reward for prior shopping restraint: A justification‐based mechanism;Anirban Mukhopadhyay, Gita Venkataramani Johar;2;132;19;3;334;345;11;0.38;30.5;9106;32.06;0.412;0.089;49;299;140;126;68;1136;925;56;96;143;72;103;488;13;Extremely Significant;0;333;65;128;2009;5;0
Affective forecasting and self‐control: Why anticipating pride wins over anticipating shame in a self‐regulation context;Vanessa M. Patrick, HaeEun Helen Chun, Deborah J. Macinnis;3;132;19;3;537;545;8;0.47;31.6;6697;22.48;0.438;0.116;40;212;131;72;54;1059;328;24;52;89;338;71;235;60;Nonsignificant;0;95;37;99;2009;20;0
Coping with non‐purchase: Managing the stress of inaction regret;Vanessa M. Patrick, Matthew P. Lancellotti, Gustavo Demello;3;132;19;3;463;472;9;0.52;33.1;7800;29.42;0.476;0.085;42;236;166;40;63;2065;1646;58;34;53;610;52;376;36;Significant;0;140;13;36;2009;15;0
Suppressing feelings: A double‐edged sword to consumer judgment and choice;Cheng Qiu, Yih Hwai Lee, Catherine W.M. Yeung;3;132;19;3;427;439;12;0.39;32.7;9837;12.9;0.481;0.095;29;301;259;122;61;758;325;36;55;75;310;92;415;271;Significant;0;100;0;3;2009;12;0
Word‐of‐mouth transmission in settings with multiple opinions: The impact of other opinions on WOM likelihood and valence;Gangseog Ryu, Jin K. Han;2;132;19;3;403;415;12;0.38;33.7;9056;20.35;0.457;0.073;67;269;197;90;77;853;482;28;48;73;218;155;427;16;Extremely Significant;1;630;30;62;2009;10;0
The effect of computer‐mediated communication on conformity vs. nonconformity: An impression management perspective;Ann E. Schlosser;1;132;19;3;374;388;14;0.38;35.0;11361;27.49;0.35;0.103;98;325;211;20;90;582;465;40;7;89;134;28;557;38;Very Significant;0;293;11;26;2009;8;0
The effect of perceived message choice on persuasion;Ann E. Schlosser, Sharon Shavitt;2;132;19;3;290;301;11;0.39;33.0;8906;21.06;0.454;0.122;32;270;217;119;81;434;560;32;90;144;73;73;417;28;Significant;0;168;14;25;2009;2;0
Valuing time: Moderate download times can improve online goal pursuit;Anne Laure Sellier, Amitava Chattopadhyay;2;135;19;2;236;245;9;0.66;31.7;7680;30.84;0.493;0.183;47;242;125;82;76;1417;1040;35;60;74;231;119;426;48;Extremely Significant;0;16;9;13;2009;7;0
Schadenfreude as a consumption‐related emotion: Feeling happiness about the downfall of another's product;Jill M. Sundie, James C. Ward, Daniel J. Beal, Wynne W. Chin, Stephanie Geiger‐Oneto;5;132;19;3;356;373;17;0.43;34.1;14059;28.4;0.431;0.056;76;412;426;65;141;1874;1824;40;41;138;1092;156;692;89;Extremely Significant;0;199;29;63;2009;7;0
Sales and sincerity: The role of relational framing in word‐of‐mouth marketing;Mirjam A. Tuk, Peeter W.J. Verlegh, Ale Smidts, Daniel H.J. Wigboldus;4;138;19;1;38;47;9;0.4;30.8;7112;23.29;0.443;0.117;51;231;136;76;57;935;478;18;62;72;83;104;349;8;Significant;0;11;46;112;2009;1;0
Position‐based beliefs: The center‐stage effect;Ana Valenzuela, Priya Raghubir;2;135;19;2;185;196;11;0.6;45.2;9989;17.14;0.41;0.113;77;221;141;128;87;755;453;33;43;89;43;53;455;4;Significant;0;12;67;140;2009;4;0
Understanding the influence of literacy on consumer memory: The role of pictorial elements;Madhubalan Viswanathan, Carlos J. Torelli, Lan Xia, Roland Gau;4;132;19;3;389;402;13;0.57;32.0;9642;22.08;0.435;0.075;53;301;123;60;77;780;374;39;40;67;206;119;257;7;Extremely Significant;0;60;24;40;2009;9;0
Media engagement and advertising: Transportation, matching, transference and intrusion;Jing Wang, Bobby J. Calder;2;132;19;3;546;555;9;0.51;28.6;8066;33.99;0.424;0.121;32;282;110;74;63;500;547;33;102;70;170;78;362;13;Extremely Significant;0;99;52;96;2009;21;0
False fame, perceptual clarity, or persuasion? Flexible fluency attribution in spokesperson familiarity effects;Max Weisbuch, Diane Mackie;2;138;19;1;62;72;10;0.47;30.0;7878;15.65;0.458;0.084;69;263;178;57;106;508;349;26;33;102;104;57;373;12;Significant;0;55;15;36;2009;2;0
When are moods most likely to influence consumers' product preferences? The role of mood focus and perceived relevance of moods;Katherine White, Cathy McFarland;2;132;19;3;526;536;10;0.32;35.3;7664;27.19;0.531;0.137;60;217;174;64;127;626;682;25;43;101;66;105;367;40;Very Significant;0;12;14;32;2009;19;0
Consumer reactions to the decreased usage message: The role of elaborative processing;Katherine White, Chelsea Willness;2;138;19;1;73;87;14;0.38;38.0;9241;15.99;0.523;0.041;67;243;135;116;81;1526;1083;45;97;184;87;158;518;5;Significant;0;198;18;27;2009;3;0
Say the right thing: Apologies, reputability, and punishment;David B. Wooten;1;135;19;2;225;235;10;0.68;29.0;6904;25.12;0.461;0.1;67;238;96;28;48;612;222;24;12;84;710;8;367;3;Extremely Significant;0;200;17;36;2009;6;0
Psychological distance asymmetry: The spatial dimension vs. other dimensions;Meng Zhang, Jing Wang;2;132;19;3;497;507;10;0.37;31.6;8554;30.94;0.382;0.088;32;271;185;107;77;324;219;25;95;53;58;109;311;8;Very Significant;0;541;34;64;2009;16;0
Structural equation models are modelling tools with many ambiguities: Comments acknowledging the need for caution and humility in their use;Richard P. Bagozzi;1;123;20;2;208;214;6;0.64;37.2;5130;25.26;0.446;0.136;18;138;207;30;77;565;340;40;20;40;124;58;286;13;Very Significant;0;60;71;148;2010;2;0
The effect of deal exclusivity on consumer response to targeted price promotions: A social identification perspective;Michael J. Barone, Tirthankar Roy;2;126;20;1;78;89;11;0.42;39.0;8786;14.97;0.431;0.122;58;225;119;0;73;1440;1003;37;0;34;112;52;386;24;Nonsignificant;0;61;31;60;2010;2;0
I like those glasses on you, but not in the mirror: Fluency, preference, and virtual mirrors;Hyejeung Cho, Norbert Schwarz;2;117;20;4;471;475;4;0.43;33.4;3104;20.65;0.386;0.115;22;93;40;21;24;220;172;9;6;28;8;28;172;10;Very Significant;0;80;23;43;2010;6;1
Effects of accuracy motivation and need to evaluate on mode of attitude formation and attitude–behavior consistency;Maria L. Cronley, Susan Powell Mantel, Frank R. Kardes;3;120;20;3;274;281;7;0.4;33.2;5474;12.4;0.531;0.139;32;165;117;0;65;600;352;15;0;55;122;21;149;2;Extremely Significant;0;160;13;25;2010;1;0
The role of frequency of experience with a product category and temporal orientation in self‐referent advertising;Claudiu V. Dimofte, Richard F. Yalch;2;120;20;3;343;354;11;0.51;36.3;8793;9.25;0.448;0.113;61;242;165;83;101;616;481;33;36;63;196;93;369;25;Extremely Significant;0;52;5;12;2010;7;0
Age of acquisition and the recognition of brand names: On the importance of being early;Andrew W. Ellis, Selina J. Holmes, Richard L. Wright;3;126;20;1;43;52;9;0.51;35.2;7575;35.75;0.412;0.06;74;215;108;11;83;2037;1110;24;7;55;41;23;263;6;Very Significant;0;20;29;59;2010;1;0
When consensus counts: Exploring the impact of consensus claims in advertising;Traci H. Freling, Peter A. Dacin;2;123;20;2;163;175;12;0.36;43.8;9646;1.64;0.466;0.127;77;220;222;208;53;1328;460;28;117;58;74;164;388;5;Significant;0;150;12;19;2010;1;0
The good, the bad, and the ugly: Influence of aesthetics on product feature judgments;JoAndrea Hoegg, Joseph W. Alba, Darren W. Dahl;3;117;20;4;419;430;11;0.33;29.5;8651;24.61;0.444;0.145;32;293;83;37;46;766;425;23;39;113;214;88;280;2;Extremely Significant;0;358;67;139;2010;3;1
Structural equations modeling: Fit Indices, sample size, and advanced topics;Dawn Iacobucci;1;126;20;1;90;98;8;0.36;29.1;5782;33.48;0.473;0.134;32;199;153;6;69;424;436;33;0;55;86;44;325;6;Nonsignificant;0;30;699;1523;2010;3;0
Communal and exchange relationship perceptions as separate constructs and their role in motivations to donate;Jennifer Wiggins Johnson, Pamela E. Grimm;2;120;20;3;282;294;12;0.6;34.1;9489;19.94;0.393;0.111;58;278;179;14;78;2407;952;38;14;74;48;97;479;10;Extremely Significant;0;43;25;56;2010;2;0
Feminine to smell but masculine to touch? Multisensory congruence and its effect on the aesthetic experience;Aradhna Krishna, Ryan S. Elder, Cindy Caldara;3;117;20;4;410;418;8;0.44;28.3;6122;34.29;0.471;0.15;59;216;51;142;67;444;331;21;105;22;30;157;215;168;Significant;0;73;100;239;2010;2;1
Aesthetic principles and cognitive emotion appraisals: How much of the beauty lies in the eye of the beholder?;Minu Kumar, Nitika Garg;2;117;20;4;485;494;9;0.56;32.8;6233;21.26;0.463;0.113;77;190;128;55;39;542;307;22;34;24;155;91;258;6;Significant;0;35;60;121;2010;7;1
Exploring the superadditive effects of scent and pictures on verbal recall: An extension of dual coding theory;May O. Lwin, Maureen Morrin, Aradhna Krishna;3;120;20;3;317;326;9;0.67;32.5;7770;30.03;0.449;0.104;35;239;120;137;64;577;188;22;115;60;40;123;287;11;Nonsignificant;0;13;39;91;2010;5;0
Effects of product unit image on consumption of snack foods;Adriana V. Madzharov, Lauren G. Block;2;117;20;4;398;409;11;0.61;33.3;7562;29.22;0.399;0.115;56;227;86;116;74;281;124;42;100;45;64;86;286;14;Significant;0;37;76;123;2010;1;1
Motivational determinants of transportation into marketing narratives;Brent McFerran, Darren W. Dahl, Gerald J. Gorn, Heather Honea;4;120;20;3;306;316;10;0.47;32.7;8300;29.82;0.475;0.157;56;254;166;125;61;1767;1312;58;93;55;197;167;345;27;Extremely Significant;0;198;20;39;2010;4;0
Easier is not always better: The moderating role of processing type on preference fluency;Jesper H. Nielsen, Jennifer Edson Escalas;2;120;20;3;295;305;10;0.59;39.5;7829;14.46;0.501;0.087;56;198;109;122;63;862;345;60;92;56;398;139;331;39;Very Significant;0;253;39;62;2010;3;0
The role of idiosyncratic attribute evaluation in mass customization;Sanjay Puligadda, Rajdeep Grewal, Arvind Rangaswamy, Frank R. Kardes;4;120;20;3;369;380;11;0.44;38.3;8841;24.14;0.441;0.119;60;231;138;137;109;943;651;39;95;62;190;171;306;8;Extremely Significant;0;31;6;15;2010;9;0
Aesthetic package design: A behavioral, neural, and psychological investigation;Martin Reimann, Judith Zaichkowsky, Carolin Neuhaus, Thomas Bender, Bernd Weber;5;117;20;4;431;441;10;0.77;34.0;7077;20.05;0.48;0.126;86;208;115;140;59;619;506;8;82;61;88;103;235;20;Extremely Significant;0;15;155;336;2010;4;1
How persuasive messages can influence behavior without awareness;J. Edward Russo, Anne‐Sophie Chaxel;2;120;20;3;338;342;4;0.65;28.6;3606;33.99;0.41;0.112;13;126;80;43;50;644;224;24;28;41;10;41;168;9;Significant;0;203;14;52;2010;6;0
The influence of involvement on the endowment effect: The moveable value function;Najam U. Saqib, Norman Frohlich, Edward Bruning;3;120;20;3;355;368;13;0.6;32.1;10018;30.43;0.484;0.106;88;312;164;151;120;1451;1063;68;172;163;498;108;397;15;Significant;0;25;21;34;2010;8;0
When and how aesthetics influences financial decisions;Claudia Townsend, Suzanne B. Shu;2;117;20;4;452;458;6;0.76;33.6;5073;20.45;0.422;0.123;19;151;107;39;42;586;247;25;29;37;58;67;200;5;Extremely Significant;0;255;41;87;2010;5;1
Understanding the impact of self‐concept on the stylistic properties of images;Xiaojing Yang, Jing Zhang, Laura A. Peracchio;3;117;20;4;508;520;12;0.5;28.4;8884;25.73;0.461;0.13;39;313;456;111;47;1401;512;16;82;52;52;135;303;23;Very Significant;0;40;20;44;2010;8;1
Food, sex and the hunger for distinction;Jonah Berger, Baba Shiv;2;105;21;4;464;472;8;0.58;28.2;5723;25.93;0.52;0.167;44;203;150;38;144;1402;1332;21;27;35;56;64;296;16;Significant;0;88;22;50;2011;5;1
The benefits of “sleeping on things”: Unconscious thought leads to automatic weighting;Maarten W. Bos, Ap Dijksterhuis, Rick B. van Baaren;3;114;21;1;4;8;4;0.65;29.2;2981;33.38;0.504;0.099;19;102;47;9;40;339;318;26;7;40;54;33;141;10;Significant;0;30;38;103;2011;1;1
Red Bull “Gives You Wings” for better or worse: A double‐edged impact of brand exposure on consumer performance;S. Adam Brasel, James Gips;2;114;21;1;57;64;7;0.5;36.8;4712;25.66;0.398;0.035;31;128;86;13;55;692;305;10;24;45;68;12;143;10;Extremely Significant;0;70;39;91;2011;7;1
The contrasting effects of negative word of mouth in the post‐consumption stage;Haksin Chan, Selina Cui;2;108;21;3;324;337;13;0.44;24.7;9797;21.02;0.431;0.044;77;396;200;90;65;771;349;32;45;76;478;128;434;20;Extremely Significant;0;80;34;79;2011;8;0
The role of regulatory fit on the attraction effect;Subimal Chatterjee, Rajat Roy, Ashwin Vinod Malshe;3;105;21;4;473;481;8;0.26;46.1;6227;16.22;0.472;0.186;51;135;102;25;27;1830;1367;34;17;34;150;106;315;25;Extremely Significant;1;222;18;40;2011;6;1
The mere association effect and brand evaluations;Claudiu V. Dimofte, Richard F. Yalch;2;114;21;1;24;37;13;0.47;37.0;10259;17.0;0.464;0.031;72;277;206;101;138;672;721;29;78;101;160;92;495;28;Extremely Significant;0;12;28;78;2011;4;1
The “Sprinter effect”: When self‐control and involvement stand in the way of sequential performance;Danit Ein‐Gar, Yael Steinhart;2;108;21;3;240;255;15;0.59;33.0;13191;29.52;0.419;0.109;49;400;194;180;110;2060;683;86;151;96;278;152;536;22;Significant;0;95;14;18;2011;3;0
Bridging the intention–behavior gap: Inducing implementation intentions through persuasive appeals;Bob M. Fennis, Marieke A. Adriaanse, Wolfgang Stroebe, Bert Pol;4;108;21;3;302;311;9;0.58;39.8;7168;5.7;0.435;0.095;53;180;102;50;109;1453;1197;17;40;31;136;85;269;4;Significant;0;34;31;78;2011;6;0
Inherently loyal or easily bored?: Nonconscious activation of consistency versus variety‐seeking behavior;Ayelet Fishbach, Rebecca K. Ratner, Ying Zhang;3;114;21;1;38;48;10;0.37;39.0;8390;14.97;0.424;0.073;42;215;137;113;110;457;696;50;106;51;125;101;427;5;Extremely Significant;0;103;41;77;2011;5;1
The limited effects of power on satisfaction with joint consumption decisions;Robert J. Fisher, Yany Grégoire, Kyle B. Murray;3;108;21;3;277;289;12;0.49;33.9;9906;20.15;0.513;0.109;52;292;143;101;64;1628;468;27;63;91;216;119;412;5;Extremely Significant;0;84;5;11;2011;4;0
Unconscious transfer of meaning to brands;Maria Galli, Gerald Gorn;2;108;21;3;215;225;10;0.61;36.5;8842;25.97;0.395;0.042;53;242;151;36;91;582;253;25;9;75;66;166;371;8;Nonsignificant;0;100;28;51;2011;1;0
Children playing branded video games: The impact of interactivity on product placement effectiveness;Haiming Hang, Susan Auty;2;114;21;1;65;72;7;0.39;34.7;5489;27.79;0.456;0.019;73;158;111;34;38;495;350;16;15;57;34;44;200;5;Nonsignificant;0;20;37;76;2011;8;1
Are low‐literate and high‐literate consumers different? Applying resource‐matching theory to ad processing across literacy levels;Haeran Jae, Devon S. DelVecchio, Terry L. Childers;3;108;21;3;312;323;11;0.59;33.2;7367;20.86;0.471;0.085;76;222;93;7;46;993;210;22;3;61;532;35;195;1;Extremely Significant;0;22;7;15;2011;7;0
Enhanced active choice: A new method to motivate behavior change;Punam Anand Keller, Bari Harlam, George Loewenstein, Kevin G. Volpp;4;105;21;4;376;383;7;0.68;37.1;5526;25.36;0.503;0.087;56;149;88;58;52;693;776;24;33;64;173;62;198;10;Significant;0;45;78;172;2011;1;1
The role of computational ease on the decision to spend loyalty program points;Jessica Y.Y. Kwong, Dilip Soman, Candy K.Y. Ho;3;111;21;2;146;156;10;0.56;33.0;8210;37.98;0.47;0.082;59;249;123;100;61;851;859;27;94;41;122;101;353;11;Extremely Significant;0;23;15;38;2011;1;0
Avoiding the risk of responsibility by seeking uncertainty: Responsibility aversion and preference for indirect agency when choosing for others;James M. Leonhardt, L. Robin Keller, Cornelia Pechmann;3;105;21;4;405;413;8;0.6;40.4;6215;22.01;0.44;0.089;65;154;242;17;69;840;143;32;5;61;834;46;184;18;Very Significant;0;34;33;65;2011;2;1
Unconscious information processing reduces information overload and increases product satisfaction;Claude Messner, Michaela Wänke;2;114;21;1;9;13;4;0.48;27.0;2998;27.15;0.478;0.14;47;111;79;28;29;455;307;30;16;39;96;17;99;10;Extremely Significant;0;180;25;62;2011;2;1
Is scent‐enhanced memory immune to retroactive interference?;Maureen Morrin, Aradhna Krishna, May O. Lwin;3;108;21;3;354;361;7;0.72;34.8;5321;27.69;0.42;0.092;26;153;80;56;53;980;190;27;48;72;95;81;239;11;Significant;0;108;7;17;2011;10;0
Contrasting rule‐based and similarity‐based category learning: The effects of mood and prior knowledge on ambiguous categorization;Theodore J. Noseworthy, Miranda R. Goode;2;108;21;3;362;371;9;0.54;25.2;5937;28.98;0.451;0.097;27;236;97;47;117;387;404;24;35;70;104;33;275;6;Extremely Significant;0;10;15;30;2011;11;0
Spatial categorization and time perception: Why does it take less time to get home?;Priya Raghubir, Vicki G. Morwitz, Amitav Chakravarti;3;111;21;2;192;198;6;0.59;39.5;4069;31.38;0.448;0.107;26;103;124;60;29;209;161;15;53;35;32;46;175;32;Significant;0;50;7;23;2011;3;0
Impression management in survey responding: Easier for collectivists or individualists?;Hila Riemer, Sharon Shavitt;2;111;21;2;157;168;11;0.22;29.7;7556;15.95;0.398;0.118;78;254;165;66;61;996;411;32;53;64;180;96;350;11;Nonsignificant;0;81;14;35;2011;2;0
Can including pros and cons increase the helpfulness and persuasiveness of online reviews? The interactive effects of ratings and arguments;Ann E. Schlosser;1;108;21;3;226;239;13;0.38;34.7;11046;27.79;0.514;0.106;81;318;208;87;213;799;684;43;63;113;337;51;454;6;Significant;1;70;89;205;2011;2;0
Psychological ownership and affective reaction: Emotional attachment process variables and the endowment effect;Suzanne B. Shu, Joann Peck;2;105;21;4;439;452;13;0.55;38.3;10761;15.68;0.45;0.088;86;281;100;142;156;587;1009;47;107;110;318;148;451;61;Significant;0;67;103;229;2011;3;1
A multidimensional association approach to sequential consumer judgments;David Sleeth‐Keppler, S. Christian Wheeler;2;114;21;1;14;23;9;0.52;28.2;8017;25.93;0.375;0.023;27;284;176;59;68;571;392;19;59;72;66;103;317;9;Extremely Significant;0;59;8;12;2011;3;1
Motivating consumer behavior by subliminal conditioning in the absence of basic needs: Striking even while the iron is cold;Martijn Veltkamp, Ruud Custers, Henk Aarts;3;114;21;1;49;56;7;0.59;31.9;5798;22.18;0.414;0.089;47;182;86;11;127;1333;996;9;7;58;288;34;267;8;Extremely Significant;0;65;23;68;2011;6;1
The workings and limits of subliminal advertising: The role of habits;Thijs Verwijmeren, Johan C. Karremans, Wolfgang Stroebe, Daniël H.J. Wigboldus;4;111;21;2;206;213;7;0.54;34.3;5591;28.2;0.427;0.092;43;163;117;18;48;599;482;22;24;63;47;62;341;10;Nonsignificant;0;15;25;68;2011;4;0
Cultural influences on preference consistency: Consistency at the individual and collective levels;Brooke Wilken, Yuri Miyamoto, Yukiko Uchida;3;108;21;3;346;353;7;0.5;38.1;5484;15.88;0.335;0.118;31;144;96;10;46;299;33;13;8;32;21;31;212;5;Extremely Significant;0;55;4;12;2011;9;0
The role of faith in intuition, need for cognition and method of attitude formation in implicit–explicit brand attitude relationship strength;Ian Zimmerman, Christopher Redker, Bryan Gibson;3;108;21;3;290;301;11;0.48;27.7;8423;26.44;0.503;0.133;66;304;152;68;324;725;532;30;56;86;122;153;675;14;Significant;1;105;7;17;2011;5;0
When consumers care about being treated fairly: The interaction of relationship norms and fairness norms;Pankaj Aggarwal, Richard P. Larrick;2;102;22;1;114;127;13;0.55;32.4;10969;30.13;0.476;0.127;65;339;198;68;125;817;904;73;53;70;354;44;465;19;Significant;0;84;36;64;2012;4;1
Imagining thin: Why vanity sizing works;Nilüfer Z. Aydinoğlu, Aradhna Krishna;2;93;22;4;565;572;7;0.48;35.2;4856;18.83;0.463;0.124;49;138;57;105;92;532;656;21;83;34;160;78;197;8;Very Significant;0;79;21;50;2012;5;0
The universality of warmth and competence: A response to brands as intentional agents;Aronté Marie Bennett, Ronald Paul Hill;2;99;22;2;199;204;5;0.5;42.9;2786;19.47;0.443;0.103;17;65;43;16;28;401;73;12;7;10;16;29;88;34;Significant;0;1042;18;54;2012;1;0
Making probability judgments of future product failures: The role of mental unpacking;Dipayan Biswas, L. Robin Keller, Bidisha Burman;3;99;22;2;237;248;11;0.47;35.8;9089;18.22;0.36;-0.0;35;254;211;73;73;1388;319;27;65;103;652;61;229;2;Significant;0;69;4;10;2012;2;0
When less is more: Consumer aversion to unused utility;Lisa E. Bolton, Joseph W. Alba;2;96;22;3;369;383;14;0.56;31.0;11235;31.55;0.347;0.074;33;362;133;99;101;672;822;144;73;83;570;99;434;1;Very Significant;1;75;53;102;2012;3;0
The effects of self‐brand connections on responses to brand failure: A new look at the consumer–brand relationship;Shirley Y.Y. Cheng, Tiffany Barnett White, Lan Nguyen Chaplin;3;99;22;2;280;288;8;0.26;31.1;5792;22.99;0.431;0.042;38;186;86;103;55;927;397;17;73;102;428;96;223;5;Extremely Significant;0;75;71;178;2012;4;0
Comma N' cents in pricing: The effects of auditory representation encoding on price magnitude perceptions;Keith S. Coulter, Pilsik Choi, Kent B. Monroe;3;96;22;3;395;407;12;0.57;33.5;7971;20.55;0.417;0.073;46;238;174;60;103;360;240;30;50;79;32;139;352;8;Extremely Significant;1;216;11;24;2012;5;0
Reducing self‐control depletion effects through enhanced sensitivity to implementation: Evidence from fMRI and behavioral studies;William M. Hedgcock, Kathleen D. Vohs, Akshay R. Rao;3;93;22;4;486;495;9;0.5;29.3;7021;24.82;0.376;0.038;57;240;111;18;50;886;272;15;10;57;134;87;302;10;Significant;0;17;32;98;2012;1;0
Mediation analysis and categorical variables: The final frontier;Dawn Iacobucci;1;93;22;4;582;594;12;0.82;37.9;9923;24.55;0.449;0.119;37;262;208;9;102;816;452;40;31;69;75;139;455;16;Significant;0;30;121;235;2012;7;0
Inviting questions;Uzma Khan, Zakary L. Tormala;2;96;22;3;408;417;9;0.35;29.7;5669;32.87;0.445;0.104;12;191;201;29;80;259;418;30;27;93;132;86;257;9;Extremely Significant;0;93;1;1;2012;6;0
Consumers' implicit theories about personality influence their brand personality judgments;Pragya Mathur, Shailendra P. Jain, Durairaj Maheswaran;3;93;22;4;545;557;12;0.41;37.6;9776;7.93;0.478;0.17;60;260;160;59;164;1776;880;77;41;88;306;54;554;10;Extremely Significant;0;150;26;50;2012;4;0
Direct and vicarious conspicuous consumption: Identification with low‐status groups increases the desire for high‐status goods;Philip J. Mazzocco, Derek D. Rucker, Adam D. Galinsky, Eric T. Anderson;4;93;22;4;520;528;8;0.55;34.9;5969;10.67;0.42;0.09;39;171;88;98;57;503;742;23;72;49;238;86;221;8;Extremely Significant;1;72;41;80;2012;3;0
Relative visual saliency differences induce sizable bias in consumer choice;Milica Milosavljevic, Vidhya Navalpakkam, Christof Koch, Antonio Rangel;4;102;22;1;67;74;7;0.87;34.3;4667;36.66;0.393;0.098;14;136;53;7;51;452;122;12;9;25;82;45;166;9;Extremely Significant;0;7;105;240;2012;2;1
The IKEA effect: When labor leads to love;Michael I. Norton, Daniel Mochon, Dan Ariely;3;96;22;3;453;460;7;0.65;42.4;4881;28.44;0.503;0.12;40;115;91;124;51;1155;450;26;62;35;60;101;248;9;Extremely Significant;0;52;250;730;2012;9;0
Capitalizing on brand personalities in advertising: The influence of implicit self‐theories on ad appeal effectiveness;Ji Kyung Park, Deborah Roedder John;2;96;22;3;424;432;8;0.56;33.3;6186;20.76;0.495;0.2;21;186;72;77;90;1594;860;47;56;45;48;70;404;6;Extremely Significant;0;41;35;70;2012;7;0
Skill‐based versus effort‐based task difficulty: A task‐analysis approach to the role of specific emotions in motivating difficult actions;Kirsten Passyn, Mita Sujan;2;96;22;3;461;468;7;0.39;29.3;5714;33.28;0.546;0.109;22;195;126;62;67;2604;543;15;46;43;482;73;188;50;Very Significant;0;134;9;20;2012;10;0
The moderating role of emotional differentiation on satiation;Morgan Poor, Adam Duhachek, Shanker Krishnan;3;93;22;4;507;519;12;0.42;32.4;9307;13.21;0.473;0.067;69;287;135;179;156;742;705;36;125;129;641;208;357;38;Extremely Significant;1;114;9;17;2012;2;0
How we relate to brands: Psychological and neurophysiological insights into consumer–brand relationships;Martin Reimann, Raquel Castaño, Judith Zaichkowsky, Antoine Bechara;4;102;22;1;128;142;14;0.56;35.7;10144;18.32;0.443;0.122;132;284;112;90;99;675;529;38;50;50;160;106;379;33;Extremely Significant;0;234;82;172;2012;5;1
Multiple endorsers and multiple endorsements: The influence of message repetition, source congruence and involvement on brand attitudes;Dan Hamilton Rice, Katie Kelting, Richard J. Lutz;3;99;22;2;249;259;10;0.41;39.5;7156;14.46;0.433;0.1;53;181;106;79;60;506;295;21;67;54;256;92;222;2;Extremely Significant;0;490;44;88;2012;3;0
Power and consumer behavior: How power shapes who and what consumers value;Derek D. Rucker, Adam D. Galinsky, David Dubois;3;96;22;3;352;368;16;0.36;35.4;12410;18.62;0.433;0.096;148;351;277;142;112;1815;833;51;102;75;472;129;609;44;Significant;0;321;146;333;2012;2;0
Calories, beauty, and ovulation: The effects of the menstrual cycle on food and appearance‐related consumption;Gad Saad, Eric Stenstrom;2;102;22;1;102;113;11;0.52;32.6;7747;29.93;0.467;0.107;74;238;133;36;84;422;543;40;39;33;56;64;320;13;Nonsignificant;0;30;51;98;2012;3;1
Enticing for me but unfair to her: Can targeted pricing evoke socially conscious behavior?;Yu Wang, Aradhna Krishna;2;96;22;3;433;442;9;0.44;34.7;5871;36.25;0.474;0.041;20;169;75;104;57;813;451;20;90;64;178;83;220;1;Significant;1;227;8;14;2012;8;0
Building trust to increase purchase intentions: The signaling impact of low pricing policies;Tiffany Barnett White, Hong Yuan;2;96;22;3;384;394;10;0.38;36.8;8527;25.66;0.426;0.094;53;232;178;146;84;1088;447;26;118;131;398;126;328;5;Significant;1;63;11;20;2012;4;0
Unconscious creativity: When can unconscious thought outperform conscious thought?;Haiyang Yang, Amitava Chattopadhyay, Kuangjie Zhang, Darren W. Dahl;4;93;22;4;573;581;8;0.66;38.9;5445;15.07;0.501;0.146;47;140;81;90;49;1281;303;10;64;60;33;81;192;3;Very Significant;0;155;21;59;2012;6;0
Corporate sponsorships may hurt nonprofits: Understanding their effects on charitable giving;Christine M. Bennett, Hakkyun Kim, Barbara Loken;3;84;23;3;288;300;12;0.47;33.9;9957;20.15;0.339;0.053;45;294;210;75;109;1120;828;22;87;130;100;109;664;21;Significant;1;35;8;20;2013;1;0
When colors backfire: The impact of color cues on moral judgment;Tine De Bock, Mario Pandelaere, Patrick Van Kenhove;3;84;23;3;341;348;7;0.67;31.1;5565;22.99;0.398;0.038;40;179;124;82;98;434;1111;29;50;122;174;81;224;5;Extremely Significant;0;45;22;43;2013;3;0
Opening a donor's wallet: The influence of appeal scales on likelihood and magnitude of donation;Arnaud De Bruyn, Sonja Prokopec;2;81;23;4;496;502;6;0.56;33.7;4619;28.81;0.391;0.078;28;137;117;87;37;293;164;21;43;24;110;66;205;2;Extremely Significant;0;5578;19;33;2013;4;0
Can disclosures lead consumers to resist covert persuasion? The important roles of disclosure timing and type of response;Margaret C. Campbell, Gina S. Mohr, Peeter W.J. Verlegh;3;81;23;4;483;495;12;0.39;33.4;9924;20.65;0.465;0.072;79;297;174;142;158;1099;197;17;100;101;219;107;419;22;Significant;1;16;70;151;2013;3;0
Recycling gone bad: When the option to recycle increases resource consumption;Jesse R. Catlin, Yitong Wang;2;90;23;1;122;127;5;0.72;37.2;4358;25.26;0.415;0.076;30;117;107;30;49;370;191;11;30;44;56;54;170;25;Nonsignificant;0;44;59;108;2013;9;0
Malleable conjoint partworths: How the breadth of response scales alters price sensitivity;Amitav Chakravarti, Andrew Grenville, Vicki G. Morwitz, Jane Tang, Gülden Ülkümen;5;81;23;4;515;525;10;0.37;37.4;5011;25.05;0.425;0.074;28;134;80;72;29;449;266;21;60;31;36;78;216;16;Very Significant;0;626;3;12;2013;7;0
The antecedents of anticipatory purchase: Reconciling the two routes to optimism;Elaine Chan, Jaideep Sengupta, Anirban Mukhopadhyay;3;90;23;1;90;105;15;0.53;32.3;12627;21.77;0.48;0.13;63;391;229;101;141;1587;2954;67;82;106;333;144;618;15;Very Significant;0;17;2;7;2013;6;0
Giving from a distance: Putting the charitable organization at the center of the donation appeal;Danit Ein‐Gar, Liat Levontin;2;87;23;2;197;211;14;0.53;37.7;11077;16.29;0.397;0.104;71;294;174;202;130;568;615;36;189;51;430;128;433;16;Very Significant;0;23;38;89;2013;2;0
Women seek more variety in rewards when closer to ovulation;Ali Faraji‐Rad, Mehrad Moeini‐Jazani, Luk Warlop;3;81;23;4;503;508;5;0.77;29.9;3827;32.67;0.462;0.198;37;128;55;91;23;977;754;30;73;42;52;72;131;3;Significant;0;13;7;18;2013;5;0
When a product takes on characteristics of the person who created it: Sometimes it sounds sweeter;Valerie S. Folkes, Shashi Matta;2;90;23;1;19;35;16;0.39;28.8;13255;25.32;0.482;0.072;74;460;446;34;115;2303;455;28;21;122;217;121;597;14;Extremely Significant;0;413;1;5;2013;1;0
Sadness and consumption;Nitika Garg, Jennifer S. Lerner;2;90;23;1;106;113;7;0.33;36.3;5403;17.71;0.472;0.038;61;149;106;26;39;572;238;13;19;57;600;64;274;20;Extremely Significant;0;10;36;89;2013;7;0
The effect of evolving resource synergy beliefs on the intentions–behavior discrepancy in ethical consumption;Reetika Gupta, Sankar Sen;2;90;23;1;114;121;7;0.7;47.2;5759;6.65;0.461;0.121;41;122;80;77;84;760;693;40;64;72;105;90;199;17;Very Significant;0;128;16;38;2013;8;0
“Seeing” the social roles of brands: How physical positioning influences brand evaluation;Xun (Irene) Huang, Xiuping Li, Meng Zhang;3;81;23;4;509;514;5;0.56;31.1;4230;31.45;0.352;0.112;25;136;43;5;25;670;399;28;4;18;34;36;160;6;Significant;0;323;14;30;2013;6;0
Positive fantasies dampen charitable giving when many resources are demanded;Heather Barry Kappes, Eesha Sharma, Gabriele Oettingen;3;90;23;1;128;135;7;0.83;33.0;5047;21.06;0.424;0.113;29;153;188;27;160;737;986;21;16;42;80;43;231;11;Extremely Significant;0;81;13;26;2013;10;0
Same destination, different paths: When and how does observing others' choices and reasoning alter confidence in our own choices?;Cait Poynor Lamberton, Rebecca Walker Naylor, Kelly L. Haws;3;90;23;1;74;89;15;0.36;35.8;11281;18.22;0.46;0.112;50;315;230;109;291;2926;2236;52;91;95;178;189;533;12;Significant;1;94;11;20;2013;5;0
Does brand spelling influence memory? The case of auditorily presented brand names;David Luna, Marina Carnevale, Dawn Lerman;3;90;23;1;36;48;12;0.61;26.0;10717;36.63;0.436;0.141;63;412;258;79;115;701;469;26;59;92;67;141;417;20;Nonsignificant;1;88;13;28;2013;2;0
Between a rock and a hard place: The failure of the attraction effect among unattractive alternatives;Selin A. Malkoc, William Hedgcock, Steve Hoeffler;3;84;23;3;317;329;12;0.34;28.9;6786;25.22;0.419;0.052;55;235;103;69;66;673;1584;16;53;75;200;110;278;7;Significant;0;12;22;40;2013;2;0
Compensatory knowledge signaling in consumer word‐of‐mouth;Grant Packard, David B. Wooten;2;81;23;4;434;450;16;0.53;36.4;12451;17.61;0.428;0.153;132;342;235;73;163;2314;1384;47;56;95;204;187;504;16;Extremely Significant;0;139;46;101;2013;2;0
Attachment–aversion (AA) model of customer–brand relationships;C. Whan Park, Andreas B. Eisingerich, Jason Whan Park;3;87;23;2;229;248;19;0.47;42.4;15308;19.98;0.461;0.111;88;361;226;8;178;1820;1328;90;0;125;498;101;556;90;Extremely Significant;0;26;124;237;2013;5;0
In search of a surrogate for touch: The effect of haptic imagery on perceived ownership;Joann Peck, Victor A. Barger, Andrea Webb;3;87;23;2;189;196;7;0.66;27.0;4987;44.07;0.384;0.087;35;185;89;44;28;267;114;43;29;62;28;56;174;184;Very Significant;0;326;78;165;2013;1;0
The imbibing idiot bias: Consuming alcohol can be hazardous to your (perceived) intelligence;Scott I. Rick, Maurice E. Schweitzer;2;87;23;2;212;219;7;0.94;25.1;4494;37.54;0.494;0.107;13;179;98;90;44;210;174;33;79;45;88;192;191;3;Significant;1;176;5;9;2013;3;0
Does time fly when you're counting down? The effect of counting direction on subjective time judgment;Edith Shalev, Vicki G. Morwitz;2;87;23;2;220;227;7;0.64;28.0;5295;34.6;0.494;0.143;35;189;101;70;35;306;295;23;40;63;80;78;135;56;Very Significant;0;30;6;13;2013;4;0
Knowledge does not necessarily make the heart grow fonder: The moderating role of knowledge on accessibility experiences;Jayati Sinha, Dhananjay Naykankuppam;2;90;23;1;49;60;11;0.55;33.3;9836;29.22;0.447;0.136;25;295;265;74;91;694;782;76;59;67;238;111;455;26;Extremely Significant;0;142;3;5;2013;3;0
Self‐regulatory strength amplification through selective information processing;Remi Trudel, Kyle B. Murray;2;90;23;1;61;73;12;0.51;30.2;9574;23.9;0.411;0.104;76;317;94;175;105;2133;1192;50;146;107;116;115;402;14;Significant;1;58;8;18;2013;4;0
Show me the product, show me the model: Effect of picture type on attitudes toward advertising;Nilüfer Z. Aydınoğlu, Luca Cian;2;69;24;4;506;519;13;0.45;33.1;7969;20.96;0.411;0.131;62;241;89;131;89;1003;346;22;112;43;108;168;237;12;Very Significant;1;167;15;43;2014;5;0
Tablets, touchscreens, and touchpads: How varying touch interfaces trigger psychological ownership and endowment;S. Adam Brasel, James Gips;2;75;24;2;226;233;7;0.58;36.3;4216;26.17;0.411;0.102;29;116;75;18;21;465;85;8;14;22;22;23;129;167;Extremely Significant;0;56;105;223;2014;5;1
Moral violations reduce oral consumption;Cindy Chan, Leaf Van Boven, Eduardo B. Andrade, Dan Ariely;4;72;24;3;381;386;5;0.67;35.0;3957;19.03;0.405;0.024;26;113;56;10;19;116;81;13;3;39;426;33;121;17;Extremely Significant;0;105;20;35;2014;7;0
Political conservatism and variety‐seeking;Daniel Fernandes, Naomi Mandel;2;78;24;1;79;86;7;0.52;30.6;5026;23.5;0.369;0.085;74;164;114;36;44;766;545;6;38;26;100;71;203;12;Significant;0;192;27;52;2014;7;0
What a feeling! Touching sexually laden stimuli makes women seek rewards;Anouk Festjens, Sabrina Bruyneel, Siegfried Dewitte;3;72;24;3;387;393;6;0.74;33.5;4193;29.01;0.467;0.181;50;125;50;33;25;855;625;5;24;20;137;82;154;49;Significant;0;65;8;22;2014;8;0
Detaching the ties of ownership: the effects of hand washing on the exchange of endowed products;Arnd Florack, Janet Kleber, Romy Busch, David Stöhr;4;75;24;2;284;289;5;0.71;31.7;3903;30.84;0.423;0.096;29;123;55;42;27;303;258;13;25;36;78;60;124;101;Nonsignificant;0;16;12;26;2014;9;1
Better moods for better eating?: How mood influences food choice;Meryl P. Gardner, Brian Wansink, Junyong Kim, Se‐Bum Park;4;72;24;3;320;335;15;0.57;41.5;10990;20.89;0.466;0.144;53;265;136;45;158;687;1421;46;34;117;174;66;555;43;Extremely Significant;1;211;66;124;2014;3;0
A meaningful embrace: Contingent effects of embodied cues of affection;Rhonda Hadi, Ana Valenzuela;2;69;24;4;520;532;12;0.57;31.7;7774;13.92;0.488;0.062;69;245;153;101;79;599;542;27;93;62;287;122;370;54;Nonsignificant;0;180;6;18;2014;6;0
The flip side of vanity sizing: How consumers respond to and compensate for larger than expected clothing sizes;JoAndrea Hoegg, Maura L. Scott, Andrea C. Morales, Darren W. Dahl;4;78;24;1;70;78;8;0.72;30.7;6377;31.85;0.438;0.05;26;208;109;58;43;309;210;26;42;69;160;63;383;25;Very Significant;0;119;14;35;2014;6;0
The effect of food toppings on calorie estimation and consumption;Ying Jiang, Jing Lei;2;78;24;1;63;69;6;0.57;31.2;4674;39.81;0.598;-0.092;18;150;97;24;29;361;329;15;16;32;73;40;261;18;Significant;0;22;7;17;2014;5;0
Satiation from sensory simulation: Evaluating foods decreases enjoyment of similar foods;Jeffrey S. Larson, Joseph P. Redden, Ryan S. Elder;3;75;24;2;188;194;6;0.69;28.0;4640;34.6;0.427;0.1;21;166;54;101;75;253;103;43;75;50;44;95;205;6;Very Significant;1;50;38;88;2014;2;1
Regulatory focus as a predictor of attitudes toward partitioned and combined pricing;Kiljae Lee, Jungsil Choi, Yexin Jessica Li;3;72;24;3;355;362;7;0.66;29.5;5039;24.61;0.449;0.163;38;171;116;81;22;762;588;9;65;25;70;63;195;7;Significant;0;124;16;34;2014;4;0
Embodied cognition and social consumption: Self‐regulating temperature through social products and behaviors;Seung Hwan (Mark) Lee, Jeff D. Rotman, Andrew W. Perkins;3;75;24;2;234;240;6;0.61;29.3;4490;16.36;0.376;0.127;59;153;86;64;29;301;527;18;46;14;126;69;219;141;Nonsignificant;0;56;10;24;2014;6;1
Metaphors and creativity: Direct, moderating, and mediating effects;Alex Marin, Martin Reimann, Raquel Castaño;3;75;24;2;290;297;7;0.69;39.0;5103;14.97;0.516;0.157;66;131;54;69;69;1975;451;19;47;49;58;83;191;17;Significant;0;289;12;30;2014;10;1
The effects of goal progress cues: An implicit theory perspective;Pragya Mathur, Lauren Block, Ozge Yucel‐Aybat;3;69;24;4;484;496;12;0.5;36.9;9265;17.1;0.431;0.123;43;251;111;104;178;2969;1083;54;75;78;82;95;454;17;Extremely Significant;1;96;12;15;2014;3;0
Evidence for two facets of pride in consumption: Findings from luxury brands;Brent McFerran, Karl Aquino, Jessica L. Tracy;3;69;24;4;455;471;16;0.43;34.1;12737;28.4;0.471;0.161;73;374;298;160;118;3258;1386;51;115;103;202;214;721;89;Nonsignificant;0;62;48;85;2014;1;0
Taking a shine to it: How the preference for glossy stems from an innate need for water;Katrien Meert, Mario Pandelaere, Vanessa M. Patrick;3;75;24;2;195;206;11;0.64;31.9;8079;30.64;0.464;0.12;72;253;197;111;94;527;339;47;77;44;54;130;284;22;Extremely Significant;1;19;20;39;2014;3;1
Yes, we have no bananas: Consumer responses to restoration of freedom;Sarah G. Moore, Gavan J. Fitzsimons;2;69;24;4;541;548;7;0.82;34.0;4321;11.59;0.413;0.067;25;127;42;57;60;288;897;5;19;104;144;43;93;4;Extremely Significant;0;13;10;13;2014;8;0
When up brings you down: The effects of imagined vertical movements on motivation, performance, and consumer behavior;Massimiliano Ostinelli, David Luna, Torsten Ringberg;3;75;24;2;271;283;12;0.59;33.4;9889;29.11;0.453;0.102;57;296;242;125;120;2459;1393;69;76;89;229;130;448;25;Very Significant;1;10;16;31;2014;8;1
Different routes to metacognitive judgments: The role of accuracy motivation;Se‐Bum Park, Sung Joo Bae;2;72;24;3;307;319;12;0.44;54.4;8980;-9.13;0.49;0.13;61;165;130;40;266;1556;983;33;28;66;588;47;324;31;Extremely Significant;0;208;3;6;2014;2;0
Confidence via correction: The effect of judgment correction on consumer confidence;Francine Espinoza Petersen, Rebecca W. Hamilton;2;78;24;1;34;48;14;0.52;37.1;10244;16.9;0.433;0.098;85;276;165;122;512;2132;1869;38;98;76;320;158;328;8;Very Significant;0;267;3;3;2014;3;0
The benefits of retail therapy: Making purchase decisions reduces residual sadness;Scott I. Rick, Beatriz Pereira, Katherine A. Burson;3;72;24;3;373;380;7;0.38;29.7;4787;24.41;0.459;-0.002;30;161;97;44;51;343;289;23;27;50;370;81;214;18;Extremely Significant;0;42;28;54;2014;6;0
Consumer responses to parodic ads;Michelle L. Roehm, Harper A. Roehm;2;78;24;1;18;33;15;0.45;34.4;12762;19.64;0.419;0.068;56;371;301;68;246;912;828;37;52;97;505;153;637;20;Very Significant;0;12;8;10;2014;2;0
Why the bride wears white: Grounding gender with brightness;Gün R. Semin, Tomás A. Palma;2;75;24;2;217;225;8;0.77;30.1;6964;40.92;0.402;0.036;22;231;86;53;73;330;268;24;43;49;90;67;266;19;Nonsignificant;1;35;18;34;2014;4;1
Implicit energy loss: Embodied dryness cues influence vitality and depletion;Idit Shalev;1;75;24;2;260;270;10;0.55;29.6;7288;24.51;0.384;0.043;66;246;123;105;70;716;331;15;64;46;52;124;292;121;Nonsignificant;0;15;11;20;2014;7;1
“I'd like to be that attractive, but at least I'm smart”: How exposure to ideal advertising models motivates improved decision‐making;Kamila Sobol, Peter R. Darke;2;69;24;4;533;540;7;0.54;34.4;4716;11.18;0.435;0.128;39;137;98;36;80;1798;554;31;30;41;104;83;220;21;Significant;0;28;11;22;2014;7;0
Revealing obstacles to the consumer imagination;Nancy Spears, Atefeh Yazdanparast;2;72;24;3;363;372;9;0.56;32.8;7209;21.26;0.382;0.067;66;220;135;35;97;688;637;20;33;49;104;53;291;55;Significant;0;85;22;31;2014;5;0
Effects of product type and contextual cues on eliciting naive theories of popularity and exclusivity;Yael Steinhart, Michael Kamins, David Mazursky, Avraham Noy;4;69;24;4;472;483;11;0.56;36.4;8741;17.61;0.518;0.081;64;240;92;188;87;453;342;12;98;36;49;124;495;0;Nonsignificant;0;187;17;30;2014;2;0
Popcorn in the cinema: Oral interference sabotages advertising effects;Sascha Topolinski, Sandy Lindner, Anna Freudenberg;3;75;24;2;169;176;7;0.59;31.0;5665;31.55;0.394;0.018;40;183;75;32;54;199;149;13;22;65;36;32;201;9;Extremely Significant;0;19;17;51;2014;1;1
Attenuating depletion using goal priming;Darlene Walsh;1;69;24;4;497;505;8;0.44;33.5;5632;29.01;0.397;0.094;34;168;88;2;89;1609;839;14;4;69;79;11;293;9;Very Significant;1;88;7;22;2014;4;0
The road traveled, the road ahead, or simply on the road? When progress framing affects motivation in goal pursuit;Jacob H. Wiebenga, Bob M. Fennis;2;78;24;1;49;62;13;0.37;41.6;10307;20.79;0.372;0.087;76;248;110;93;104;4774;1318;25;76;42;60;136;456;7;Extremely Significant;1;65;16;33;2014;4;0
Money, moral transgressions, and blame;Wenwen Xie, Boya Yu, Xinyue Zhou, Constantine Sedikides, Kathleen D. Vohs;5;72;24;3;299;306;7;0.72;28.2;4909;34.39;0.416;0.009;32;174;73;37;50;316;256;12;29;42;248;61;231;77;Nonsignificant;0;160;17;30;2014;1;0
Package size and perceived quality: The intervening role of unit price perceptions;Dengfeng Yan, Jaideep Sengupta, Robert S. Wyer;3;78;24;1;4;17;13;0.26;34.0;11140;28.51;0.434;0.089;44;328;176;47;106;808;465;64;53;63;211;138;644;12;Extremely Significant;0;44;23;51;2014;1;0
Keeping consumers in the red: Hedonic debt prioritization within multiple debt accounts;Ali Besharat, Sajeev Varki, Adam W. Craig;3;63;25;2;311;316;5;0.48;34.4;4065;28.1;0.4;0.066;32;118;30;28;27;342;250;14;15;23;66;27;244;10;Significant;1;26;6;15;2015;10;0
Does it pay to beat around the bush? The case of the obfuscating salesperson;Barbara Bickart, Maureen Morrin, S. Ratneshwar;3;57;25;4;596;608;12;0.58;34.6;8645;19.44;0.455;0.083;42;250;213;49;89;1024;432;26;45;204;142;111;331;7;Very Significant;0;30;4;7;2015;5;0
Marketing actions that influence estimates of others also shape identity;Katherine A. Burson, Andrew D. Gershoff;2;60;25;3;495;503;8;0.54;36.4;5172;17.61;0.405;0.102;34;142;113;30;78;333;165;26;26;20;82;37;257;5;Extremely Significant;1;303;1;2;2015;8;1
Posting strategically: The consumer as an online media planner;Yu‐Jen Chen, Amna Kirmani;2;57;25;4;609;621;12;0.52;28.6;10359;25.53;0.513;0.114;52;362;282;147;201;1668;941;36;96;136;54;131;377;9;Extremely Significant;1;53;17;27;2015;6;0
Choice overload: A conceptual review and meta‐analysis;Alexander Chernev, Ulf Böckenholt, Joseph Goodman;3;63;25;2;333;358;25;0.4;43.3;17048;10.61;0.464;0.121;170;394;204;46;148;1871;1022;47;42;119;548;188;565;20;Extremely Significant;1;50;105;261;2015;12;0
Strategic benefits of low fit brand extensions: When and why?;HaeEun Helen Chun, C. Whan Park, Andreas B. Eisingerich, Deborah J. MacInnis;4;57;25;4;577;595;18;0.22;35.2;13177;18.83;0.504;0.202;41;374;127;32;149;1456;3108;44;28;79;528;102;940;10;Significant;1;51;20;34;2015;4;0
Looking for my self: Identity‐driven attention allocation;Nicole Verrochi Coleman, Patti Williams;2;60;25;3;504;511;7;0.58;32.1;4977;13.51;0.474;-0.094;47;155;51;85;50;515;225;13;64;17;339;35;166;3;Nonsignificant;0;52;17;25;2015;9;1
A social identity perspective on aspirational advertising: Implicit threats to collective self‐esteem and strategies to overcome them;Claudiu V. Dimofte, Ronald C. Goodstein, Anne M. Brumbaugh;3;60;25;3;416;430;14;0.51;34.8;11842;19.23;0.393;0.079;99;340;210;108;126;1369;889;59;103;102;336;236;535;21;Very Significant;0;65;12;32;2015;3;1
The psychology of investment behavior: (De)biasing financial decision‐making one graph at a time;Rod Duclos;1;63;25;2;317;325;8;0.83;31.9;5172;22.18;0.33;0.043;28;162;66;35;46;203;95;16;25;27;78;93;141;5;Significant;0;20;14;34;2015;11;0
Committing under the shadow of tomorrow: Self‐control and commitment to future virtuous behaviors;Danit Ein‐Gar;1;63;25;2;268;285;17;0.67;38.1;12354;15.88;0.434;0.084;43;324;268;31;380;1359;1012;27;43;91;263;11;579;27;Significant;0;28;5;10;2015;6;0
Why recommend a brand face‐to‐face but not on Facebook? How word‐of‐mouth on online social sites differs from traditional word‐of‐mouth;Andreas B. Eisingerich, HaeEun Helen Chun, Yeyi Liu, He (Michael) Jia, Simon J. Bell;5;66;25;1;120;128;8;0.62;40.9;4951;21.5;0.448;0.092;32;121;83;72;57;271;514;20;48;28;224;92;195;9;Extremely Significant;1;11;85;209;2015;7;0
Does dirty money influence product valuations?;Chelsea Galoni, Theodore J. Noseworthy;2;63;25;2;304;310;6;0.62;28.4;4628;42.65;0.457;0.015;33;163;73;62;55;289;181;25;40;71;136;52;234;44;Extremely Significant;0;72;8;22;2015;9;0
The preference‐signaling effect of search;Xin Ge, Neil Brigden, Gerald Häubl;3;63;25;2;245;256;11;0.49;31.9;8541;22.18;0.394;0.104;45;268;155;130;70;879;458;27;104;73;40;60;407;2;Nonsignificant;0;161;4;12;2015;4;0
It's not just numbers: Cultural identities influence how nutrition information influences the valuation of foods;Pierrick Gomez, Carlos J. Torelli;2;60;25;3;404;415;11;0.72;40.1;7903;13.85;0.281;0.082;50;197;88;41;54;498;250;20;22;78;97;70;373;13;Extremely Significant;1;82;10;17;2015;2;1
To have in order to do: Exploring the effects of consuming experiential products on well‐being;Darwin A. Guevarra, Ryan T. Howell;2;66;25;1;28;41;13;0.52;41.1;9978;4.38;0.419;0.153;84;243;128;34;97;1136;571;64;26;60;36;108;362;9;Extremely Significant;0;307;48;110;2015;2;0
Promotional phrases as questions versus statements: An influence of phrase style on product evaluation;Henrik Hagtvedt;1;57;25;4;635;641;6;0.47;28.6;3943;33.99;0.43;0.105;34;138;75;7;27;214;181;12;5;42;134;19;146;3;Extremely Significant;0;37;5;7;2015;7;0
Distinct threats, common remedies: How consumers cope with psychological threat;DaHee Han, Adam Duhachek, Derek D. Rucker;3;57;25;4;531;545;14;0.38;33.6;10058;20.45;0.407;0.087;86;299;261;162;129;3226;1677;55;103;75;1262;157;397;26;Nonsignificant;1;10;13;31;2015;1;0
Dual payoff scenario warnings on credit card statements elicit suboptimal payoff decisions;Hal E. Hershfield, Neal J. Roese;2;66;25;1;15;27;12;0.45;38.1;10641;32.8;0.442;0.09;19;279;208;115;128;273;184;39;81;111;133;78;495;6;Nonsignificant;0;18;17;33;2015;1;0
Toward a more nuanced understanding of the statistical properties of a median split;Dawn Iacobucci, Steven S. Posavac, Frank R. Kardes, Matthew J. Schneider, Deidre L. Popovich;5;57;25;4;652;665;13;0.71;38.6;9503;15.38;0.451;0.098;54;246;233;66;93;681;360;42;48;80;152;118;593;5;Significant;0;50;121;192;2015;8;0
Food categorization flexibility increases the preference for indulgent foods;Adwait Khare, Tilottama G. Chowdhury;2;57;25;4;546;560;14;0.4;31.7;10714;13.92;0.442;0.107;60;338;164;312;74;953;896;36;260;109;228;242;608;312;Nonsignificant;0;36;7;8;2015;2;0
Wetting the bed at twenty‐one: Embarrassment as a private emotion;Aradhna Krishna, Kelly B. Herd, Nilüfer Z. Aydınoğlu;3;60;25;3;473;486;13;0.68;30.5;9610;23.6;0.368;0.071;61;315;185;172;68;791;146;40;123;129;792;264;505;53;Nonsignificant;0;17;5;14;2015;6;1
The impact of perceptual congruence on the effectiveness of cause‐related marketing campaigns;Andrew Kuo, Dan Hamilton Rice;2;66;25;1;78;88;10;0.52;30.6;6508;15.04;0.438;0.132;40;213;76;36;83;665;743;41;28;63;86;26;307;9;Nonsignificant;0;44;43;87;2015;4;0
Can't finish what you started? The effect of climactic interruption on behavior;Daniella M. Kupor, Taly Reich, Baba Shiv;3;66;25;1;113;119;6;0.58;33.0;4152;12.6;0.433;0.091;30;126;69;59;40;357;198;15;40;34;254;49;214;0;Significant;0;87;5;12;2015;6;0
Acts of emptying promote self‐focus: A perceived resource deficiency perspective;Liat Levontin, Danit Ein‐Gar, Angela Y. Lee;3;63;25;2;257;267;10;0.65;38.4;8016;24.04;0.429;0.091;33;209;114;74;64;731;474;22;73;73;160;74;447;22;Significant;0;47;16;25;2015;5;0
Median splits, Type II errors, and false–positive consumer psychology: Don't fight the power;Gary H. McClelland, John G. Lynch,, Julie R. Irwin, Stephen A. Spiller, Gavan J. Fitzsimons;6;57;25;4;679;689;10;0.56;33.0;9084;29.52;0.463;0.087;42;275;167;77;60;410;203;26;54;98;317;106;481;14;Significant;0;50;37;68;2015;10;0
“I can almost taste it:” Why people with strong positive emotions experience higher levels of food craving, salivation and eating intentions;David J. Moore, Sara Konrath;2;66;25;1;42;59;17;0.54;33.4;12727;20.65;0.546;0.141;145;381;232;86;208;863;1870;41;67;74;276;115;475;49;Nonsignificant;0;197;7;19;2015;3;0
Brand authenticity: An integrative framework and measurement scale;Felicitas Morhart, Lucia Malär, Amélie Guèvremont, Florent Girardin, Bianca Grohmann;5;63;25;2;200;218;18;0.37;33.9;11880;11.69;0.483;0.147;137;350;171;144;112;934;584;34;88;68;212;155;519;20;Very Significant;1;10;124;239;2015;2;0
Sins of omission versus commission: Cross‐cultural differences in brand‐switching due to dissatisfaction induced by individual versus group action and inaction;Sharon Ng, Hakkyun Kim, Akshay R. Rao;3;66;25;1;89;100;11;0.53;34.5;8960;28.0;0.392;0.067;42;260;213;59;48;729;457;54;73;74;346;104;360;44;Significant;1;22;9;11;2015;5;0
The power of repetition: repetitive lyrics in a song increase processing fluency and drive market success;Joseph C. Nunes, Andrea Ordanini, Francesca Valsesia;3;63;25;2;187;199;12;0.62;30.4;10043;32.16;0.432;0.141;63;330;148;102;100;1055;579;49;78;86;105;220;448;23;Very Significant;1;126;15;41;2015;1;0
Give me your self: Gifts are liked more when they match the giver's characteristics;Gabriele Paolacci, Laura M. Straeter, Ilona E. de Hooge;3;60;25;3;487;494;7;0.52;41.7;5624;20.69;0.44;0.118;30;135;111;84;39;293;191;28;86;76;39;80;210;11;Significant;1;73;14;22;2015;7;1
The effects of advertising models for age‐restricted products and self‐concept discrepancy on advertising outcomes among young adolescents;Todd Pezzuti, Dante Pirouz, Cornelia Pechmann;3;60;25;3;519;529;10;0.62;34.4;5367;19.64;0.384;0.109;39;156;96;58;37;352;186;23;27;35;112;45;197;7;Significant;0;339;5;13;2015;11;1
Two birds, one stone? Positive mood makes products seem less useful for multiple‐goal pursuit;Anastasiya Pocheptsova, Francine Espinoza Petersen, Jordan Etkin;3;63;25;2;296;303;7;0.47;35.3;5396;27.19;0.391;0.113;29;153;60;78;136;1414;1843;19;70;52;65;86;241;11;Extremely Significant;0;11;4;7;2015;8;0
An information theory account of preference prediction accuracy;Monique M.H. Pollmann, Benjamin Scheibehenne;2;63;25;2;286;295;9;0.52;34.6;6789;27.9;0.527;0.052;47;196;210;15;217;427;461;36;7;70;320;58;323;4;Extremely Significant;0;199;3;3;2015;7;0
The sweet taste of gratitude: Feeling grateful increases choice and consumption of sweets;Ann E. Schlosser;1;57;25;4;561;576;15;0.36;33.4;11018;20.65;0.479;0.151;101;330;205;45;171;765;753;33;24;99;148;49;503;76;Very Significant;0;99;5;14;2015;3;0
The role of social comparison for maximizers and satisficers: Wanting the best or wanting to be the best?;Kimberlee Weaver, Kim Daniloski, Norbert Schwarz, Keenan Cottone;4;60;25;3;372;388;16;0.54;41.1;12657;21.3;0.411;0.13;42;308;246;20;229;1697;1341;100;12;72;291;63;582;23;Significant;0;18;17;30;2015;1;1
Whose fault is it? Effects of relational self‐views and outcome counterfactuals on self‐serving attribution biases following brand policy changes;Kyra L. Wiggin, Richard F. Yalch;2;60;25;3;459;472;13;0.38;41.0;10649;21.4;0.482;0.084;119;260;240;86;80;871;647;45;63;101;512;88;497;50;Extremely Significant;1;56;8;8;2015;5;1
Perceived social support reduces the pain of spending money;Qian Xu, Yuanji Zhou, Maolin Ye, Xinyue Zhou;4;63;25;2;219;230;11;0.44;26.8;7766;35.81;0.372;0.08;85;290;112;65;77;735;369;22;60;58;423;113;371;167;Very Significant;0;80;9;17;2015;3;0
Looking ahead or looking back: Current evaluations and the effect of psychological connectedness to a temporal self;Meng Zhang, Pankaj Aggarwal;2;60;25;3;512;518;6;0.43;32.6;4398;29.93;0.385;0.063;22;135;69;23;44;292;382;28;29;28;70;42;208;9;Very Significant;0;170;6;18;2015;10;1
Stylistic properties and regulatory fit: Examining the role of self‐regulatory focus in the effectiveness of an actor's vs. observer's visual perspective;Jing Zhang, Xiaojing Yang;2;60;25;3;449;458;9;0.55;28.7;7456;16.96;0.323;0.121;67;260;89;48;42;1290;1013;12;36;20;48;69;288;20;Extremely Significant;0;94;6;9;2015;4;1
Viewing usage of counterfeit luxury goods: Social identity and social hierarchy effects on dilution and enhancement of genuine luxury brands;Nelson B. Amaral, Barbara Loken;2;45;26;4;483;495;12;0.51;32.6;9499;29.93;0.391;0.12;68;291;184;22;73;530;318;27;13;60;361;64;461;18;Nonsignificant;0;147;17;36;2016;3;0
Asymmetric consequences of radical innovations on category representations of competing brands;Charan K. Bagga, Theodore J. Noseworthy, Niraj Dawar;3;54;26;1;29;39;10;0.42;28.4;7633;17.27;0.466;0.094;44;269;68;78;48;2910;189;17;62;68;366;59;246;8;Significant;0;225;8;19;2016;3;0
Kids, cartoons, and cookies: Stereotype priming effects on children's food consumption;Margaret C. Campbell, Kenneth C. Manning, Bridget Leonard, Hannah M. Manning;4;51;26;2;257;264;7;0.62;35.0;4443;27.49;0.474;0.106;39;127;58;25;20;284;268;12;23;45;44;28;216;38;Extremely Significant;0;60;11;25;2016;5;0
Fickle men, faithful women: Effects of mating cues on men's and women's variety‐seeking behavior in consumption;Rui Chen, Yuhuang Zheng, Yan Zhang;3;51;26;2;275;282;7;0.52;36.9;5024;17.1;0.481;0.151;38;136;59;51;93;473;436;22;35;52;38;64;124;8;Extremely Significant;1;185;4;9;2016;7;0
The effect of dialectical thinking on the integration of contradictory information;Yoshiko DeMotta, Mike Chen‐ho Chao, Thomas Kramer;3;54;26;1;40;52;12;0.34;34.8;9918;19.23;0.447;0.074;84;285;172;100;211;1499;1588;32;68;91;718;153;378;14;Very Significant;1;115;8;18;2016;4;0
Where you say it matters: Why packages are a more believable source of product claims than advertisements;Tatiana M. Fajardo, Claudia Townsend;2;48;26;3;426;434;8;0.48;32.3;4164;21.77;0.487;0.142;24;129;80;45;28;271;103;17;43;35;43;67;166;0;Very Significant;0;279;7;13;2016;9;0
When and why we forget to buy;Daniel Fernandes, Stefano Puntoni, Stijn M.J. van Osselaer, Elizabeth Cowley;4;48;26;3;363;380;17;0.43;28.5;12604;34.09;0.439;0.127;48;443;217;159;112;1899;315;52;106;103;96;200;399;9;Very Significant;0;145;4;6;2016;5;0
The positive effect of assortment size on purchase likelihood: The moderating influence of decision order;Leilei Gao, Itamar Simonson;2;45;26;4;542;549;7;0.44;36.2;4014;26.27;0.483;0.135;23;111;64;31;35;459;452;24;31;19;52;49;120;7;Extremely Significant;0;149;11;18;2016;8;0
Say no more! The liability of strong ties on desire for special experiences;Miranda R. Goode, Kendra Hart, Matthew Thomson;3;54;26;1;91;97;6;0.61;30.7;4427;31.85;0.47;0.151;33;144;94;17;18;407;319;20;13;31;107;65;127;4;Nonsignificant;1;144;4;7;2016;8;0
When perfectionism leads to imperfect consumer choices: The role of dichotomous thinking;Xin He;1;54;26;1;98;104;6;0.77;27.1;4234;27.05;0.53;0.138;45;156;68;5;114;1297;953;46;11;29;287;18;155;7;Very Significant;1;207;6;9;2016;9;0
Of clouds and zombies: How and when analogical learning improves evaluations of really new products;Michal Herzenstein, Steve Hoeffler;2;45;26;4;550;557;7;0.53;37.1;4717;25.36;0.608;0.028;32;127;97;13;53;427;440;29;13;28;50;57;247;2;Significant;1;708;3;7;2016;9;0
Effects of multiple psychological distances on construal and consumer evaluation: A field study of online reviews;Ni Huang, Gordon Burtch, Yili Hong, Evan Polman;4;45;26;4;474;482;8;0.45;36.5;6425;17.51;0.375;0.077;44;176;90;80;103;343;710;17;50;36;85;134;250;23;Extremely Significant;1;2593;30;57;2016;2;0
The sleeper framing effect: The influence of frame valence on immediate and retrospective judgments;Mathew S. Isaac, Morgan Poor;2;54;26;1;53;65;12;0.55;39.8;9760;14.16;0.417;0.104;56;245;186;173;139;447;745;33;147;115;122;187;437;27;Extremely Significant;0;212;2;9;2016;5;0
When one desires too much of a good thing: The compromise effect under maximizing tendencies;Wen Mao;1;54;26;1;66;80;14;0.41;33.8;10018;20.25;0.479;0.148;91;296;167;25;135;1457;847;100;4;91;246;19;373;10;Very Significant;0;94;18;26;2016;6;0
Saying no to the glow: When consumers avoid arrogant brands;Nira Munichor, Yael Steinhart;2;51;26;2;179;192;13;0.46;38.0;10154;15.99;0.433;0.102;66;267;225;119;77;973;502;37;108;124;1444;128;492;27;Extremely Significant;0;60;6;13;2016;1;0
A meta‐analysis of extremeness aversion;Nico Neumann, Ulf Böckenholt, Ashish Sinha;3;51;26;2;193;212;19;0.35;48.2;13207;5.63;0.439;0.077;112;274;189;159;146;618;300;33;105;63;475;187;375;11;Significant;0;426;17;33;2016;2;0
When are natural and urban environments restorative? The impact of environmental compatibility on self‐control restoration;Kevin P. Newman, Merrie Brucks;2;45;26;4;535;541;6;0.63;35.2;4044;10.37;0.408;0.084;36;115;63;38;37;458;231;8;30;29;288;46;167;3;Very Significant;1;203;5;16;2016;7;0
Haunts or helps from the past: Understanding the effect of recall on current self‐control;Hristina Nikolova, Cait Lamberton, Kelly L. Haws;3;51;26;2;245;256;11;0.63;37.6;7931;16.39;0.493;0.064;52;211;148;128;145;2494;1212;35;88;83;575;128;344;2;Extremely Significant;0;343;3;11;2016;4;0
Thinking concretely or abstractly: The influence of fit between goal progress and goal construal on subsequent self‐regulation;Jooyoung Park, William M. Hedgcock;2;48;26;3;395;409;14;0.49;34.6;11806;27.9;0.417;0.134;77;341;157;105;65;6209;2378;69;64;63;312;184;507;66;Nonsignificant;1;77;5;10;2016;7;0
Lasting performance: Round numbers activate associations of stability and increase perceived length of product benefits;Jorge Pena‐Marin, Rajesh Bhargave;2;48;26;3;410;416;6;0.5;30.5;4178;32.06;0.464;0.07;37;137;92;98;92;207;338;15;83;30;26;87;182;93;Very Significant;0;153;9;18;2016;8;0
An exploration of flashbulb memory;Michelle L. Roehm;1;54;26;1;1;16;15;0.49;33.6;12974;28.91;0.435;0.088;63;386;230;12;218;1621;1266;29;6;78;98;42;639;17;Very Significant;1;82;2;6;2016;1;0
Helping others or oneself: How direction of comparison affects prosocial behavior;Ann E. Schlosser, Eric Levy;2;45;26;4;461;473;12;0.37;36.4;9108;17.61;0.439;0.117;74;250;134;92;68;916;1709;44;68;39;134;130;697;13;Significant;1;55;8;11;2016;1;0
The ups and downs of visual orientation: The effects of diagonal orientation on product judgment;Ann E. Schlosser, Ruchi R. Rikhi, Sokiente W. Dagogo‐Jack;3;45;26;4;496;509;13;0.45;34.9;9624;10.67;0.463;0.116;65;276;182;133;94;627;732;35;102;99;122;141;319;36;Extremely Significant;1;81;11;16;2016;4;0
Multisensory interaction in product choice: Grasping a product affects choice of other seen products;Mathias C. Streicher, Zachary Estes;2;45;26;4;558;565;7;0.56;29.9;4369;24.21;0.349;0.097;36;146;65;43;42;217;88;17;33;19;42;51;153;72;Significant;0;98;17;29;2016;10;0
Shopping to and fro: Ideomotor compatibility of arm posture and product choice;Mathias C. Streicher, Zachary Estes;2;48;26;3;325;336;11;0.74;29.5;9242;24.61;0.428;0.083;77;313;157;68;78;1079;538;24;38;94;143;97;342;44;Nonsignificant;0;101;5;7;2016;2;0
The benefits of behaving badly on occasion: Successful regulation by planned hedonic deviations;Rita Coelho do Vale, Rik Pieters, Marcel Zeelenberg;3;54;26;1;17;28;11;0.42;38.4;8607;24.04;0.456;0.091;52;224;155;92;115;4019;1712;41;65;64;204;53;462;47;Extremely Significant;0;59;9;11;2016;2;0
The moderating role of dialecticism in consumer responses to product information;Haizhong Wang, Rajeev Batra, Zengxiang Chen;3;48;26;3;381;394;13;0.41;33.5;10224;20.55;0.43;0.064;79;305;314;67;261;797;1477;48;41;274;661;141;390;158;Very Significant;0;158;14;22;2016;6;0
Experiencing haptic roughness promotes empathy;Chen Wang, Rui (Juliet) Zhu, Todd C. Handy;3;48;26;3;350;362;12;0.6;29.9;8780;24.21;0.462;0.067;62;294;110;176;117;613;367;60;100;64;200;148;374;273;Extremely Significant;1;228;8;17;2016;4;0
The misforecasted spoiler effect: Underlying mechanism and boundary conditions;Dengfeng Yan, Alex S.L. Tsang;2;54;26;1;81;90;9;0.52;26.8;6808;27.35;0.424;0.061;37;254;148;110;54;478;251;36;78;72;144;120;318;6;Significant;0;120;6;15;2016;7;0
Do less ethical consumers denigrate more ethical consumers? The effect of willful ignorance on judgments of others;Daniel M. Zane, Julie R. Irwin, Rebecca Walker Reczek;3;48;26;3;337;349;12;0.54;37.6;9468;16.39;0.466;0.04;42;252;264;69;93;1044;685;28;62;184;461;114;665;67;Significant;1;147;16;39;2016;3;0
When donating is liberating: The role of product and consumer characteristics in the appeal of cause‐related products;Yael Zemack‐Rugar, Rebecca Rabino, Lisa A. Cavanaugh, Gavan J. Fitzsimons;4;51;26;2;213;230;17;0.48;33.0;12162;21.06;0.463;0.14;120;369;174;175;112;970;641;32;135;138;1162;138;743;10;Extremely Significant;0;107;19;38;2016;3;0
Activating stereotypes with brand imagery: The role of viewer political identity;Justin W. Angle, Sokiente W. Dagogo‐Jack, Mark R. Forehand, Andrew W. Perkins;4;42;27;1;84;90;6;0.51;32.8;4133;4.34;0.385;0.028;38;126;30;24;103;365;417;7;18;59;66;44;159;4;Significant;0;81;5;12;2017;6;0
The rebound of the forgone alternative;Zachary G. Arens, Rebecca W. Hamilton;2;36;27;3;318;332;14;0.57;34.8;11366;27.69;0.415;0.091;130;327;167;96;94;699;191;47;84;160;155;116;406;13;Significant;0;95;2;1;2017;3;0
How goal progress influences regulatory focus in goal pursuit;Olya Bullard, Rajesh V. Manchanda;2;36;27;3;302;317;15;0.42;41.7;10142;20.69;0.423;0.052;80;243;177;52;149;6185;3579;55;61;114;188;92;415;49;Extremely Significant;0;280;5;14;2017;2;0
“Our” brand's failure leads to “their” product derogation;Boyoun (Grace) Chae, Darren W. Dahl, Rui (Juliet) Zhu;3;33;27;4;466;472;6;0.57;28.7;4070;25.42;0.359;-0.003;28;142;60;97;35;406;110;13;73;105;158;74;155;0;Significant;0;141;1;3;2017;4;0
The effect of social exclusion on consumer preference for anthropomorphized brands;Rocky Peng Chen, Echo Wen Wan, Eric Levy;3;42;27;1;23;34;11;0.38;28.8;8324;16.86;0.32;0.072;67;289;158;94;68;977;770;25;67;90;128;125;384;27;Extremely Significant;1;118;32;57;2017;3;0
Go beyond just paying: Effects of payment method on level of construal;Rong Chen, Xiaobing Xu, Hao Shen;3;39;27;2;207;217;10;0.5;31.5;8470;39.5;0.448;0.097;51;269;370;149;31;389;239;31;121;66;132;149;473;64;Significant;0;81;2;8;2017;5;0
Does Red Bull give wings to vodka? Placebo effects of marketing labels on perceived intoxication and risky attitudes and behaviors;Yann Cornil, Pierre Chandon, Aradhna Krishna;3;33;27;4;456;465;9;0.77;37.2;4874;8.34;0.479;0.136;40;131;75;87;54;450;493;8;61;48;126;72;217;17;Nonsignificant;0;154;7;7;2017;3;0
The impact of identity breadth on consumer preference for advanced products;Ying Ding, Echo Wen Wan, Jing Xu;3;39;27;2;231;244;13;0.32;32.4;10042;13.21;0.416;0.103;109;310;155;74;74;1196;1107;28;50;54;114;148;310;21;Very Significant;1;185;1;3;2017;7;0
Consumer desire for control as a barrier to new product adoption;Ali Faraji‐Rad, Shiri Melumad, Gita Venkataramani Johar;3;36;27;3;347;354;7;0.66;36.1;4509;26.37;0.449;0.099;40;125;59;44;29;402;659;14;28;38;126;79;199;11;Significant;0;264;9;24;2017;6;0
Reflecting on the journey: Mechanisms in narrative persuasion;Anne Hamby, David Brinberg, Kim Daniloski;3;42;27;1;11;22;11;0.5;34.3;8271;11.28;0.418;0.082;71;241;100;88;53;637;270;14;70;86;138;103;238;4;Significant;1;93;15;25;2017;2;0
The satiating effect of pricing: The influence of price on enjoyment over time;Kelly L. Haws, Brent McFerran, Joseph P. Redden;3;36;27;3;341;346;5;0.54;31.8;3883;30.74;0.416;0.084;25;122;74;40;48;182;83;26;28;36;30;83;153;4;Extremely Significant;0;102;2;4;2017;5;0
How inferred contagion biases dispositional judgments of others;Sean T. Hingston, Justin F. McManus, Theodore J. Noseworthy;3;39;27;2;195;206;11;0.48;32.8;8588;29.72;0.434;0.041;109;262;133;120;66;1022;400;48;77;94;166;85;533;12;Significant;0;220;4;6;2017;4;0
Choice under incomplete information on incumbents: Why consumers with stronger preferences are more likely to abandon their prior choices;Caglar Irmak, Thomas Kramer, Sankar Sen;3;39;27;2;264;269;5;0.58;38.4;3957;15.58;0.375;0.039;35;103;87;36;48;506;238;14;26;36;179;63;134;15;Significant;1;153;0;1;2017;8;0
Conforming conservatives: How salient social identities can increase donations;Andrew M. Kaikati, Carlos J. Torelli, Karen Page Winterich, María A. Rodas;4;33;27;4;422;434;12;0.56;36.8;8939;8.74;0.386;0.101;79;243;122;94;71;619;253;25;66;77;99;116;365;7;Significant;0;108;7;10;2017;2;0
The effects of promotions on hedonic versus utilitarian purchases;Ran Kivetz, Yuhuang Zheng;2;42;27;1;59;68;9;0.33;32.0;7866;22.08;0.463;0.106;41;246;79;56;68;2982;2836;28;65;60;104;84;424;14;Significant;0;345;19;49;2017;5;0
The role of cultural communication norms in social exclusion effects;Jaehoon Lee, L.J. Shrum, Youjae Yi;3;42;27;1;108;116;8;0.54;36.0;4288;9.56;0.354;0.055;45;119;64;14;60;260;87;7;10;29;356;67;207;19;Extremely Significant;0;177;12;15;2017;7;0
Speaking to the heart: Social exclusion and reliance on feelings versus reasons in persuasion;Fang‐Chi Lu, Jayati Sinha;2;33;27;4;409;421;12;0.44;30.9;8004;14.73;0.346;0.064;73;259;133;59;79;497;479;29;63;110;200;89;180;80;Extremely Significant;0;101;26;46;2017;1;0
Regulatory goals in a globalized world;Sharon Ng, Rajeev Batra;2;39;27;2;270;277;7;0.49;37.1;4191;16.9;0.309;0.127;59;113;68;62;18;767;650;9;46;16;55;48;168;8;Very Significant;0;80;5;8;2017;9;0
“Every coin has two sides”: The effects of dialectical thinking and attitudinal ambivalence on psychological discomfort and consumer choice;Jun Pang, Hean Tat Keh, Xiuping Li, Durairaj Maheswaran;4;39;27;2;218;230;12;0.49;33.7;8593;11.89;0.457;0.076;75;255;134;153;165;479;1023;25;111;105;452;115;256;18;Nonsignificant;1;125;9;17;2017;6;0
R‐E‐S‐P‐E‐C‐T Find out what my name means to me: The effects of marketplace misidentification on consumption;Tracy Rank‐Christman, Maureen Morrin, Christine Ringler;3;36;27;3;333;340;7;0.56;34.3;4184;28.2;0.486;0.112;58;122;66;117;45;215;148;20;97;49;182;52;185;22;Extremely Significant;1;343;2;4;2017;4;0
The warmth of our regrets: Managing regret through physiological regulation and consumption;Jeff D. Rotman, Seung Hwan (Mark) Lee, Andrew W. Perkins;3;39;27;2;160;170;10;0.55;30.8;7238;23.29;0.461;0.04;76;235;142;154;53;711;537;35;113;62;713;93;356;170;Significant;0;165;6;17;2017;2;0
Stitching time: Vintage consumption connects the past, present, and future;Gülen Sarial‐Abi, Kathleen D. Vohs, Ryan Hamilton, Aulona Ulqinaku;4;39;27;2;182;194;12;0.62;32.0;9304;30.54;0.357;0.045;63;291;199;128;49;439;314;24;114;106;344;152;404;37;Nonsignificant;1;229;12;15;2017;3;0
The role of evaluation mode on the unit effect;Dan R. Schley, Christophe Lembregts, Ellen Peters;3;39;27;2;278;286;8;0.39;30.2;5437;15.44;0.442;0.08;34;180;80;31;28;209;146;22;23;52;26;81;267;1;Significant;0;204;9;15;2017;10;0
Positively useless: irrelevant negative information enhances positive impressions;Meyrav Shoham, Sarit Moldovan, Yael Steinhart;3;39;27;2;147;159;12;0.51;32.8;9711;21.26;0.562;-0.024;68;296;202;113;237;620;1616;37;85;254;115;157;419;23;Significant;0;77;9;13;2017;1;0
Bidirectional contrast effects between taste perception and simulation: A simulation‐induced adaptation mechanism;Kao Si, Yuwei Jiang;2;42;27;1;49;58;9;0.56;33.7;5871;20.35;0.353;0.054;46;174;89;112;36;379;121;21;91;44;35;78;239;10;Very Significant;0;196;3;5;2017;4;0
A recipe for friendship: Similar food consumption promotes trust and cooperation;Kaitlin Woolley, Ayelet Fishbach;2;42;27;1;1;10;9;0.56;31.3;7428;31.25;0.428;0.067;41;237;95;142;57;541;267;25;112;75;38;141;331;20;Very Significant;0;176;25;43;2017;1;0
Just do it! Why committed consumers react negatively to assertive ads;Yael Zemack‐Rugar, Sarah G. Moore, Gavan J. Fitzsimons;3;36;27;3;287;301;14;0.59;30.0;8221;24.11;0.402;0.064;94;274;111;190;173;554;193;34;122;120;380;149;320;15;Very Significant;0;162;7;20;2017;1;0
How Counterfeits Infect Genuine Products: The Role of Moral Disgust;Moty Amar, Dan Ariely, Ziv Carmon, Haiyang Yang;4;27;28;2;329;343;14;0.5;31.7;8349;30.84;0.4;0.07;56;263;93;70;67;530;246;10;62;49;490;75;533;22;Very Significant;1;130;3;10;2018;7;1
Social Norms and the Price of Zero;Dan Ariely, Uri Gneezy, Ernan Haruvy;3;27;28;2;180;191;11;0.81;28.3;6357;42.75;0.433;0.108;30;225;102;23;62;395;650;23;21;46;92;70;296;3;Significant;0;120;4;19;2018;1;1
Beyond Beauty: Design Symmetry and Brand Personality;Aditi Bajaj, Samuel D. Bond;2;30;28;1;77;98;21;0.54;30.8;8104;23.29;0.413;0.115;80;263;110;208;76;572;952;12;12;47;96;101;300;12;Very Significant;0;147;12;22;2018;4;0
Microblogging and the Value of Undirected Communication;Eva C. Buechel, Jonah Berger;2;30;28;1;40;55;15;0.84;32.2;8597;21.87;0.365;0.075;67;267;286;108;79;630;301;29;78;130;592;126;386;58;Significant;0;145;5;10;2018;2;0
Benefiting From Disagreement: Counterarguing Reduces Prechoice Bias in Information Evaluation;Anne‐Sophie Chaxel, Yegyu Han;2;30;28;1;115;129;14;0.66;30.4;8800;23.7;0.446;0.081;58;289;95;47;126;1009;839;15;35;58;123;151;348;4;Significant;1;270;3;4;2018;5;0
Are Two Reasons Better Than One? The Role of Appeal Type in Consumer Responses to Sustainable Products;Laura Marie Edinger‐Schons, Jenni Sipilä, Sankar Sen, Gina Mende, Jan Wieseke;5;21;28;4;644;664;20;0.58;44.5;9929;17.85;0.444;0.145;74;223;148;127;49;1510;508;60;132;70;143;206;317;8;Extremely Significant;1;1750;6;10;2018;7;0
Let It Go: Positive Affect Attenuates Sunk Cost Bias by Enhancing Cognitive Flexibility;Kyle J. Emich, Jin Seok Pyone;2;21;28;4;578;596;18;0.6;29.7;11174;32.87;0.434;0.125;64;376;145;89;250;1347;1566;66;75;83;148;138;508;115;Significant;0;154;1;3;2018;3;0
The Influence of Physical Elevation in Buildings on Risk Preferences: Evidence from a Pilot and Four Field Studies;Sina Esteky, Jean D. Wineman, David B. Wooten;3;24;28;3;487;494;7;0.69;28.3;4069;25.83;0.398;0.114;30;144;56;96;38;259;362;6;102;17;248;67;179;4;Significant;1;116;1;1;2018;5;0
When Seeking the Best Brings Out the Worst in Consumers: Understanding the Relationship between a Maximizing Mindset and Immoral Behavior;Kelly Goldsmith, Caroline Roux, Jingjing Ma;3;27;28;2;293;309;16;0.53;38.5;10061;23.94;0.435;0.148;66;261;135;52;128;2316;1434;77;40;96;408;171;487;7;Significant;1;590;3;5;2018;5;1
Measuring Processing Fluency: One versus Five Items;Laura K. M. Graf, Stefan Mayer, Jan R. Landwehr;3;24;28;3;393;411;18;0.45;39.3;10342;23.13;0.425;0.07;97;263;139;96;128;629;296;27;68;45;185;199;374;16;Extremely Significant;1;160;25;31;2018;1;0
When Good Things Feel Closer and Bad Things Feel Farther: The Role of Perceived Control on Psychological Distance Perception;Jerry J. Han, Andrew D. Gershoff;2;21;28;4;629;643;14;0.43;34.8;8808;27.69;0.422;0.041;86;253;250;87;155;513;1194;41;66;143;214;137;338;155;Extremely Significant;0;198;1;1;2018;6;0
Discounting Humanity: When Consumers are Price Conscious, Employees Appear Less Human;Alexander P. Henkel, Johannes Boegershausen, JoAndrea Hoegg, Karl Aquino, Jos Lemmink;5;27;28;2;272;292;20;0.48;31.4;11529;31.14;0.417;0.073;118;367;271;173;93;1244;462;37;124;64;260;217;495;20;Extremely Significant;1;244;5;6;2018;4;1
Can Lonely People Behave Morally? The Joint Influence of Loneliness and Empathy on Moral Identity;Jinfeng (Jenny) Jiao, Jing Wang;2;21;28;4;597;611;14;0.62;28.4;7846;25.73;0.437;0.063;71;276;151;79;67;965;502;30;77;96;640;141;285;40;Very Significant;0;167;1;1;2018;4;0
Urgently Yours: Temporal Communication Norms and Psychological Distance;Alex Kaju, Sam J. Maglio;2;21;28;4;665;672;7;0.51;43.8;3902;27.02;0.397;0.068;25;89;85;61;21;217;87;8;42;23;8;56;162;8;Very Significant;0;202;2;2;2018;8;0
The Power of Voice in Stimulating Morality: Eliciting Taxpayer Preferences Increases Tax Compliance;Cait Lamberton, Jan‐Emmanuel De Neve, Michael I. Norton;3;27;28;2;310;328;18;0.89;35.1;10954;18.93;0.444;0.074;52;312;283;98;137;1247;1198;40;82;186;214;176;510;36;Very Significant;1;189;7;12;2018;6;1
Can a Rude Waiter Make Your Food Less Tasty? Social Class Differences in Thinking Style and Carryover in Consumer Judgments;Jaehoon Lee;1;24;28;3;450;465;15;0.46;33.4;8580;20.65;0.34;0.043;82;257;120;45;62;1479;343;23;32;55;562;133;330;12;Very Significant;1;216;2;3;2018;4;0
Did They Earn It? Observing Unearned Luxury Consumption Decreases Brand Attitude When Observers Value Fairness;Saerom Lee, Hans Baumgartner, Karen Page Winterich;3;24;28;3;412;436;24;0.47;40.7;14330;21.7;0.455;0.096;99;352;206;109;94;1925;1321;28;97;135;213;160;450;26;Extremely Significant;0;479;2;8;2018;2;0
Projecting Lower Competence to Maintain Moral Warmth in the Avoidance of Prosocial Requests;Peggy J. Liu, Stephanie C. Lin;2;30;28;1;23;39;16;0.57;37.0;9620;25.46;0.446;0.104;70;260;163;108;112;3067;909;38;75;116;342;142;501;203;Significant;1;108;2;7;2018;1;0
Consumers Avoid Buying From Firms With Higher CEO‐to‐Worker Pay Ratios;Bhavya Mohan, Tobias Schlager, Rohit Deshpandé, Michael I. Norton;4;27;28;2;344;352;8;0.92;34.9;3909;27.59;0.411;0.073;28;112;49;53;27;425;157;13;41;29;81;59;111;2;Very Significant;1;476;6;9;2018;8;1
When Good Consumers Turn Bad: Psychological Contract Breach in Committed Brand Relationships;Nicole Votolato Montgomery, Sekar Raju, Kalpesh Kaushik Desai, H. Rao Unnava;4;24;28;3;437;449;12;0.57;34.6;7170;27.9;0.405;0.046;45;207;92;54;228;777;306;25;41;118;286;118;294;5;Very Significant;1;211;5;8;2018;3;0
The Influence of Corporate Social Responsibility Efforts on the Moral Behavior of High Self‐Brand Overlap Consumers;Kevin P. Newman, Merrie Brucks;2;27;28;2;253;271;18;0.53;32.9;11639;21.16;0.394;0.06;108;354;188;295;203;2334;1138;28;193;122;320;166;472;34;Nonsignificant;1;126;4;11;2018;3;1
Do Mothers Spend More on Daughters While Fathers Spend More on Sons?;Lambrianos Nikiforidis, Kristina M. Durante, Joseph P. Redden, Vladas Griskevicius;4;30;28;1;149;156;7;0.9;33.0;4027;37.98;0.43;0.169;36;122;97;57;32;260;82;13;34;25;16;41;165;3;Significant;0;250;3;8;2018;7;0
Judging a Book by its Cover: The Influence of Implicit Self‐Theories on Brand User Perceptions;Ji Kyung Park, Deborah Roedder John;2;30;28;1;56;76;20;0.4;35.6;10881;18.42;0.446;0.082;57;306;160;204;196;1008;527;22;142;167;77;185;556;2;Very Significant;0;130;7;9;2018;3;0
A Path to More Enduring Happiness: Take a Detour from Specific Emotional Goals;Maria A. Rodas, Rohini Ahluwalia, Nicholas J. Olson;3;21;28;4;673;681;8;0.78;37.2;4656;25.26;0.42;0.184;31;125;98;60;120;967;1228;21;7;33;103;40;156;22;Nonsignificant;1;135;1;2;2018;9;0
Lie, Cheat, and Steal: How Harmful Brands Motivate Consumers to Act Unethically;Jeff D. Rotman, Mansur Khamitov, Scott Connors;3;27;28;2;353;361;8;0.59;34.2;4587;28.3;0.471;0.107;44;134;79;37;49;464;204;8;36;62;483;38;181;25;Extremely Significant;0;170;5;9;2018;9;1
Every Saint has a Past, and Every Sinner has a Future: Influences of Regulatory Focus on Consumers’ Moral Self‐Regulation;Maria Schwabe, David B. Dose, Gianfranco Walsh;3;27;28;2;234;252;18;0.47;37.0;10366;17.0;0.35;0.071;93;280;126;47;75;2806;1866;26;33;71;379;167;273;3;Extremely Significant;1;182;5;5;2018;2;1
When Intertemporal Rewards Are Hedonic, Larger Units of Wait Time Boost Patience;Rafay A. Siddiqui, Ashwani Monga, Eva C. Buechel;3;21;28;4;612;628;16;0.43;32.5;9161;38.49;0.484;0.102;49;282;118;61;34;1257;1154;28;49;69;78;121;632;12;Nonsignificant;0;387;2;6;2018;5;0
The Name Game: How Naming Products Increases Psychological Ownership and Subsequent Consumer Evaluations;Jennifer L. Stoner, Barbara Loken, Ashley Stadler Blank;3;30;28;1;130;137;7;0.94;27.8;4025;34.8;0.426;0.138;29;145;71;32;22;548;218;23;32;30;42;76;177;10;Significant;0;48;5;6;2018;6;0
Gift Giving at Israeli Weddings as a Function of Genetic Relatedness and Kinship Certainty;Sigal Tifferet, Gad Saad, Mali Meiri, Nir Ido;4;30;28;1;157;165;8;0.65;29.0;4053;33.58;0.434;0.096;62;140;97;18;56;288;123;20;30;26;55;36;178;7;Significant;0;1789;5;8;2018;8;0
Is Being Emotionally Inexpressive Cool?;Caleb Warren, Todd Pezzuti, Shruti Koley;3;21;28;4;560;577;17;0.75;34.4;9465;28.1;0.481;0.161;91;275;278;36;63;1911;521;22;23;72;342;78;408;276;Extremely Significant;1;193;1;2;2018;2;0
When Cheap Isn't the Same as Not Expensive: Generic Price Terms and Their Negations;Bert Weijters, Elke Cabooter, Hans Baumgartner;3;21;28;4;543;559;16;0.61;35.4;9842;35.54;0.499;0.06;51;278;192;110;123;318;570;35;88;324;225;122;370;7;Significant;0;399;1;1;2018;1;0
The Subtle Influence of Check and X Marks: How Symbolic Markings Influence Judgment;Gunwoo Yoon, Patrick Vargas;2;21;28;4;682;688;6;0.84;27.2;3950;35.41;0.448;0.074;24;145;85;70;56;211;242;14;48;36;56;52;115;6;Significant;0;80;1;1;2018;10;0
Don't Count Calorie Labeling Out: Calorie Counts on the Left Side of Menu Items Lead to Lower Calorie Food Choices;Steven K. Dallas, Peggy J. Liu, Peter A. Ubel;3;18;29;1;60;69;9;0.76;42.4;4917;19.98;0.397;0.074;32;116;54;62;27;285;50;13;46;46;82;52;188;20;Significant;0;193;6;11;2019;4;0
Compared to Dematerialized Money, Cash Increases Impatience in Intertemporal Choice;Rod Duclos, Mansur Khamitov;2;12;29;3;445;454;9;0.8;28.9;4747;25.22;0.379;0.056;25;164;61;16;41;461;334;21;10;33;126;103;194;43;Significant;1;64;1;1;2019;4;0
The Illusion of Double‐Discount: Using Reference Points in Promotion Framing;Han Gong, Jianxiong Huang, Kim Huat Goh;3;12;29;3;483;491;8;0.53;34.2;4074;28.3;0.425;0.145;25;119;33;53;39;676;488;15;40;23;18;46;136;0;Significant;0;171;1;2;2019;8;0
Lots to Do or Lots of Ways to Do It? The Role of Mood and Mind‐set on Goal Motivation;Eunjoo Han, Andrew D. Gershoff;2;15;29;2;187;206;19;0.45;30.3;12437;32.26;0.429;0.146;65;410;242;151;192;5483;3353;37;122;91;214;122;514;17;Nonsignificant;0;243;1;2;2019;1;0
Culturally Contingent Cravings: How Holistic Thinking Influences Consumer Responses to Food Appeals;Diogo Hildebrand, R. Dustin Harding, Rhonda Hadi;3;18;29;1;39;59;20;0.54;39.8;8907;14.16;0.43;0.095;82;224;139;140;72;463;802;37;112;50;50;179;308;9;Extremely Significant;1;84;4;5;2019;3;0
Romantic Crushes Promote Variety‐Seeking Behavior;Xun (Irene) Huang, Ping Dong;2;15;29;2;226;242;16;0.39;46.2;9786;16.12;0.443;0.105;62;212;164;69;91;569;596;50;69;101;152;117;320;47;Very Significant;1;143;1;4;2019;3;0
Would You Like to Round Up and Donate the Difference? Roundup Requests Reduce the Perceived Pain of Donating;Katie Kelting, Stefanie Robinson, Richard J. Lutz;3;18;29;1;70;78;8;0.42;30.7;4391;40.31;0.386;0.053;29;143;44;7;63;273;133;14;9;25;130;43;128;58;Significant;1;163;1;1;2019;5;0
Ceding and Succeeding: How the Altruistic Can Benefit from the Selfish in Joint Decisions;Michael Lowe, Hristina Nikolova, Chadwick J. Miller, Sara Loughran Dommer;4;9;29;4;652;661;9;0.49;34.0;4250;20.05;0.516;0.085;41;125;94;37;22;349;222;30;31;19;160;76;164;1;Nonsignificant;0;151;0;0;2019;5;0
The Influence of Hero and Villain Labels on the Perception of Vice and Virtue Products;Tamara M. Masters, Arul Mishra;2;12;29;3;428;444;16;0.69;30.1;9690;40.92;0.478;0.15;45;322;131;140;51;424;688;29;123;59;504;150;598;6;Very Significant;0;598;0;0;2019;3;0
Predicting the Personal Appeal of Marketing Images Using Computational Methods;Sandra C. Matz, Cristina Segalin, David Stillwell, Sandrine R. Müller, Maarten W. Bos;5;12;29;3;370;390;20;0.94;33.9;13478;20.15;0.437;0.104;102;398;124;50;132;1233;1197;97;23;85;131;143;397;16;Extremely Significant;0;1040;0;0;2019;1;0
How Readability Shapes Social Media Engagement;Ethan Pancer, Vincent Chandler, Maxwell Poole, Theodore J. Noseworthy;4;15;29;2;262;270;8;0.78;32.2;4861;30.33;0.421;0.078;30;151;69;16;44;278;353;10;12;36;34;79;143;3;Significant;0;4064;2;5;2019;5;0
Disconfirming Expectations: Incorrect Imprecise (vs. Precise) Estimates Increase Source Trustworthiness and Consumer Loyalty;Jorge Pena‐Marin, Ruomeng Wu;2;9;29;4;623;641;18;0.47;31.2;10935;31.35;0.485;0.12;93;351;372;140;294;850;414;25;135;74;217;144;492;40;Significant;1;320;0;0;2019;4;0
A Match Made in Heaven or Down Under? The Effectiveness of Matching Visual and Verbal Horizons in Advertising;Gudrun Roose, Iris Vermeir, Maggie Geuens, Anneleen Van Kerckhove;4;12;29;3;411;427;16;0.45;37.2;9408;25.26;0.398;0.069;93;253;104;120;59;623;446;23;81;52;199;173;447;15;Extremely Significant;1;100;1;2;2019;2;0
Scarce Foods are Perceived as Having More Calories;Anthony Salerno, Julio Sevilla;2;12;29;3;472;482;10;0.5;30.1;5233;32.46;0.511;0.147;41;174;79;116;33;649;325;12;72;55;198;101;221;27;Significant;1;2069;0;1;2019;7;0
Supersize My Chances: Promotional Lotteries Impact Product Size Choices;Nükhet Taylor, Theodore J. Noseworthy, Ethan Pancer;3;18;29;1;79;88;9;0.62;27.5;5229;35.1;0.474;0.158;41;190;108;17;47;1419;1387;20;6;57;35;46;188;27;Significant;0;206;3;4;2019;6;0
I Can't Get You Out of My Head: The Influence of Secrecy on Consumers’ Self‐Brand Connections;Veronica L. Thomas, Robert D. Jewell;2;12;29;3;463;471;8;0.45;32.8;4631;29.72;0.502;-0.022;49;141;71;34;36;318;186;21;32;96;106;78;245;2;Significant;0;393;0;1;2019;6;0
Shape‐ and Trait‐Congruency: Using Appearance‐based Cues as a Basis for Product Recommendations;Beth Vallen, Karthik Sridhar, Dan Rubin, Veronika Ilyuk, Lauren G. Block, Jennifer J. Argo;6;15;29;2;271;284;13;0.79;42.6;5791;19.78;0.426;0.043;29;136;83;100;26;287;174;15;67;36;91;120;228;108;Extremely Significant;0;32;3;4;2019;6;0
Counterfeit Luxury Consumption in a Social Context: The Effects on Females’ Moral Disengagement and Behavior;Yajin Wang, Jennifer L. Stoner, Deborah Roedder John;3;15;29;2;207;225;18;0.82;34.1;11186;19.94;0.395;0.084;51;328;184;152;56;809;490;45;102;54;546;180;758;16;Extremely Significant;1;79;1;3;2019;2;0
The Sounds of Silence: Inferences from the Absence of Word‐of‐Mouth;Kimberlee Weaver, Anne Hamby;2;18;29;1;3;21;18;0.41;40.8;11290;21.6;0.427;0.072;36;277;390;30;112;652;579;45;30;198;285;96;570;47;Extremely Significant;0;176;2;4;2019;1;0
The Feeling of Not Knowing It All;Haiyang Yang, Ziv Carmon, Dan Ariely, Michael I. Norton;4;12;29;3;455;462;7;0.59;38.0;4178;24.45;0.464;0.105;28;110;82;22;92;1467;953;23;14;43;42;45;183;8;Significant;1;149;1;1;2019;5;0
Some Hedonic Consequences of Perspective‐Taking in Recommending;Michael Yeomans;1;18;29;1;22;38;16;0.44;29.7;8836;32.87;0.467;0.153;58;298;213;27;122;664;604;48;44;84;70;103;439;6;Significant;1;123;4;3;2019;2;0
Keeping It Real: How Perceived Brand Authenticity Affects Product Perceptions;Melissa D. Cinelli, Robyn A. LeBoeuf;2;6;30;1;40;59;19;0.81;36.5;11572;17.51;0.491;0.178;65;317;227;108;138;2405;486;47;65;94;89;149;632;10;Extremely Significant;1;56;1;1;2020;3;0
BANOVA: Bayesian Analysis of Experiments in Consumer Psychology;Michel Wedel, Chen Dong;2;6;30;1;3;23;20;0.65;34.6;12665;19.44;0.442;0.066;83;366;274;29;114;945;690;18;21;60;125;56;434;4;Significant;1;116;0;1;2020;1;0
Pairing People with Products: Anthropomorphizing the Object, Dehumanizing the Person;Iskra Herak, Nicolas Kervyn, Matthew Thomson;3;6;30;1;125;139;14;0.56;34.9;5439;19.13;0.431;0.08;53;156;97;44;37;385;507;12;32;55;197;78;156;13;Significant;0;364;1;1;2020;7;0
When Consumers Prefer Bundles with Noncomplementary Items to Bundles with Complementary Items: The Role of Mindset Abstraction;Mustafa Karataş, Zeynep Gürhan‐Canli;2;6;30;1;24;39;15;0.43;35.9;9040;18.12;0.394;0.132;82;252;123;37;44;471;456;12;37;25;136;143;436;26;Significant;1;98;0;0;2020;2;0
Who Deserves Faulty Products? How Blaming the Victim Prevents Consumer Punitive Action;Brandon J. Reich, Troy Campbell, Robert Madrigal;3;6;30;1;60;76;16;0.62;32.8;9380;29.72;0.327;0.032;65;286;173;28;74;881;306;28;22;58;1221;84;390;2;Significant;0;80;0;0;2020;4;0
Compensating for Innovation: Extreme Product Incongruity Encourages Consumers to Affirm Unrelated Consumption Schemas;Nükhet Taylor, Theodore J. Noseworthy;2;6;30;1;77;95;18;0.45;30.3;11020;23.8;0.513;0.049;107;364;119;93;160;1002;303;28;18;107;487;99;511;28;Significant;0;208;0;0;2020;5;0
From Glossy to Greasy: The Impact of Learned Associations on Perceptions of Food Healthfulness;Ning Ye, Maureen Morrin, Kristina Kampfer;3;6;30;1;96;124;28;0.35;56.1;9307;6.07;0.427;0.108;106;166;91;47;59;492;331;26;38;30;49;62;316;72;Very Significant;0;211;1;1;2020;6;0
